order_id,order_date,ship_date,delivery_date,region,warehouse,carrier,product_type,delivery_status,distance,cost,damage_flag,customer_rating
ORD00001,2026-03-13 16:07:32,2026-03-14 16:07:32,2026-03-24 16:07:32,Central,WH_D,USPS,Electronics,Late,71.03,75.98,No,2
ORD00002,2025-11-28 16:05:33,2025-12-01 16:05:33,2025-12-11 16:05:33,East,WH_A,USPS,Furniture,Late,1011.2,1451.39,No,1
ORD00003,2026-04-03 17:22:30,2026-04-05 17:22:30,2026-04-10 17:22:30,South,WH_B,USPS,Food,On Time,405.86,348.96,No,4
ORD00004,2026-01-11 00:40:25,2026-01-14 00:40:25,2026-01-24 00:40:25,North,WH_B,DHL,Beauty,Late,640.01,519.85,No,2
ORD00005,2025-12-14 02:02:50,2025-12-15 02:02:50,2025-12-17 02:02:50,South,WH_B,DHL,Clothing,On Time,161.3,122.76,No,5
ORD00006,2025-12-17 23:49:14,2025-12-18 23:49:14,2025-12-27 23:49:14,West,WH_B,DHL,Furniture,Late,674.88,857.16,No,3
ORD00007,2026-01-20 05:30:35,2026-01-23 05:30:35,2026-01-26 05:30:35,East,WH_C,FedEx,Furniture,On Time,1936.84,2100.24,No,4
ORD00008,2026-05-05 08:44:59,2026-05-06 08:44:59,2026-05-07 08:44:59,South,WH_B,USPS,Electronics,On Time,14.69,17.28,No,4
ORD00009,2026-04-10 08:40:29,2026-04-12 08:40:29,2026-04-21 08:40:29,South,WH_D,UPS,Furniture,Late,1909.33,1389.69,No,2
ORD00010,2026-04-24 14:40:38,2026-04-26 14:40:38,2026-05-06 14:40:38,South,WH_D,UPS,Food,Late,1955.6,1490.1,No,3
ORD00011,2026-04-21 20:40:34,2026-04-22 20:40:34,2026-04-23 20:40:34,Central,WH_B,UPS,Electronics,On Time,929.52,973.2,Yes,4
ORD00012,2026-02-21 02:15:03,2026-02-22 02:15:03,2026-03-03 02:15:03,South,WH_A,DHL,Clothing,Late,941.81,1378.43,No,2
ORD00013,2026-03-27 14:52:35,2026-03-28 14:52:35,2026-04-03 14:52:35,North,WH_A,DHL,Furniture,Late,1040.37,649.94,No,2
ORD00014,2026-02-06 00:52:42,2026-02-09 00:52:42,2026-02-12 00:52:42,Central,WH_D,USPS,Electronics,On Time,457.96,682.85,No,3
ORD00015,2026-03-13 08:21:55,2026-03-14 08:21:55,2026-03-19 08:21:55,North,WH_A,UPS,Clothing,On Time,85.56,99.83,No,3
ORD00016,2025-11-18 10:06:55,2025-11-19 10:06:55,2025-11-29 10:06:55,East,WH_A,USPS,Food,Late,617.68,332.7,No,1
ORD00017,2026-01-29 14:46:38,2026-01-30 14:46:38,2026-02-01 14:46:38,South,WH_D,DHL,Furniture,On Time,1981.07,2152.79,No,3
ORD00018,2025-11-19 18:51:26,2025-11-22 18:51:26,2025-11-25 18:51:26,South,WH_B,FedEx,Food,On Time,1439.97,1118.14,No,4
ORD00019,2026-03-01 07:41:33,2026-03-03 07:41:33,2026-03-08 07:41:33,Central,WH_D,UPS,Food,On Time,541.74,767.87,No,5
ORD00020,2026-02-15 21:44:05,2026-02-16 21:44:05,2026-02-25 21:44:05,West,WH_D,FedEx,Food,Late,24.95,34.06,Yes,2
ORD00021,2026-04-15 06:11:57,2026-04-18 06:11:57,2026-04-27 06:11:57,East,WH_C,FedEx,Beauty,Late,1781.77,1315.95,No,1
ORD00022,2025-12-05 20:16:40,2025-12-07 20:16:40,2025-12-15 20:16:40,East,WH_D,FedEx,Clothing,Late,1334.77,1320.19,No,1
ORD00023,2025-12-28 23:37:34,2025-12-29 23:37:34,2026-01-08 23:37:34,Central,WH_A,DHL,Beauty,Late,750.45,628.91,Yes,2
ORD00024,2026-03-10 18:05:06,2026-03-12 18:05:06,2026-03-21 18:05:06,Central,WH_B,FedEx,Clothing,Late,1427.8,1098.49,No,2
ORD00025,2025-12-23 06:51:21,2025-12-26 06:51:21,2025-12-30 06:51:21,South,WH_D,DHL,Clothing,On Time,1895.02,1358.1,No,3
ORD00026,2026-03-13 09:37:47,2026-03-15 09:37:47,2026-03-23 09:37:47,South,WH_A,FedEx,Clothing,Late,1245.59,1253.94,Yes,2
ORD00027,2025-12-21 16:11:52,2025-12-22 16:11:52,2026-01-01 16:11:52,Central,WH_B,UPS,Beauty,Late,807.14,733.42,No,1
ORD00028,2025-12-31 12:48:46,2026-01-02 12:48:46,2026-01-06 12:48:46,Central,WH_C,FedEx,Clothing,On Time,171.01,95.7,No,3
ORD00029,2026-03-07 10:12:48,2026-03-10 10:12:48,2026-03-15 10:12:48,West,WH_B,USPS,Electronics,On Time,856.87,661.77,No,5
ORD00030,2025-12-09 06:30:18,2025-12-11 06:30:18,2025-12-12 06:30:18,North,WH_D,FedEx,Electronics,On Time,147.16,183.64,No,3
ORD00031,2025-12-11 14:10:48,2025-12-13 14:10:48,2025-12-17 14:10:48,North,WH_A,USPS,Clothing,On Time,1664.03,1804.95,No,3
ORD00032,2026-05-01 00:00:29,2026-05-02 00:00:29,2026-05-10 00:00:29,South,WH_C,FedEx,Beauty,Late,738.32,439.19,No,2
ORD00033,2026-01-11 01:51:41,2026-01-12 01:51:41,2026-01-17 01:51:41,South,WH_B,DHL,Beauty,On Time,1322.84,1325.17,No,5
ORD00034,2025-11-20 08:43:37,2025-11-23 08:43:37,2025-11-30 08:43:37,North,WH_A,UPS,Clothing,Late,334.03,421.85,No,1
ORD00035,2026-02-06 02:26:05,2026-02-07 02:26:05,2026-02-11 02:26:05,Central,WH_C,FedEx,Clothing,On Time,1421.31,1277.22,No,5
ORD00036,2026-01-09 19:34:06,2026-01-10 19:34:06,2026-01-16 19:34:06,North,WH_C,DHL,Beauty,Late,853.0,491.04,No,1
ORD00037,2026-04-13 07:42:21,2026-04-16 07:42:21,2026-04-24 07:42:21,North,WH_B,FedEx,Furniture,Late,92.27,127.75,No,1
ORD00038,2026-03-29 07:43:27,2026-04-01 07:43:27,2026-04-06 07:43:27,West,WH_D,USPS,Beauty,On Time,1057.2,1449.67,No,5
ORD00039,2026-04-14 05:03:29,2026-04-17 05:03:29,2026-04-24 05:03:29,East,WH_A,DHL,Beauty,Late,621.29,615.14,No,1
ORD00040,2026-04-02 01:51:47,2026-04-05 01:51:47,2026-04-06 01:51:47,West,WH_A,UPS,Furniture,On Time,1683.8,2440.5,No,4
ORD00041,2025-12-02 15:59:03,2025-12-03 15:59:03,2025-12-10 15:59:03,West,WH_D,UPS,Clothing,Late,1319.56,1457.84,Yes,2
ORD00042,2026-02-12 13:49:18,2026-02-13 13:49:18,2026-02-21 13:49:18,East,WH_C,USPS,Food,Late,933.21,731.83,No,3
ORD00043,2026-01-17 16:45:15,2026-01-18 16:45:15,2026-01-26 16:45:15,East,WH_A,USPS,Furniture,Late,1349.14,1033.17,No,1
ORD00044,2026-04-08 06:03:39,2026-04-10 06:03:39,2026-04-18 06:03:39,West,WH_C,DHL,Furniture,Late,26.86,17.07,No,3
ORD00045,2026-03-14 04:24:35,2026-03-17 04:24:35,2026-03-23 04:24:35,West,WH_B,UPS,Food,Late,936.58,1377.08,No,1
ORD00046,2026-02-02 21:39:42,2026-02-03 21:39:42,2026-02-10 21:39:42,North,WH_A,FedEx,Furniture,Late,99.14,64.41,No,2
ORD00047,2026-01-01 09:53:09,2026-01-03 09:53:09,2026-01-05 09:53:09,Central,WH_B,UPS,Electronics,On Time,842.37,437.64,Yes,3
ORD00048,2026-01-04 23:27:47,2026-01-06 23:27:47,2026-01-16 23:27:47,East,WH_B,USPS,Food,Late,303.99,415.89,No,3
ORD00049,2026-04-20 15:01:31,2026-04-23 15:01:31,2026-05-02 15:01:31,North,WH_B,UPS,Furniture,Late,1770.38,977.38,No,1
ORD00050,2026-01-15 19:37:00,2026-01-16 19:37:00,2026-01-25 19:37:00,Central,WH_D,DHL,Electronics,Late,842.76,980.61,Yes,2
ORD00051,2026-02-06 16:45:37,2026-02-09 16:45:37,2026-02-19 16:45:37,West,WH_A,USPS,Clothing,Late,772.94,748.67,No,3
ORD00052,2026-03-09 09:12:13,2026-03-11 09:12:13,2026-03-15 09:12:13,East,WH_C,UPS,Food,On Time,637.9,952.51,No,3
ORD00053,2026-05-06 18:26:26,2026-05-07 18:26:26,2026-05-16 18:26:26,West,WH_B,FedEx,Food,Late,1486.02,775.63,No,1
ORD00054,2025-11-11 13:08:10,2025-11-12 13:08:10,2025-11-16 13:08:10,East,WH_C,DHL,Furniture,On Time,1662.95,977.9,No,5
ORD00055,2026-03-20 18:28:10,2026-03-21 18:28:10,2026-03-25 18:28:10,West,WH_D,USPS,Electronics,On Time,1033.82,1518.96,No,5
ORD00056,2026-02-06 18:30:07,2026-02-07 18:30:07,2026-02-09 18:30:07,Central,WH_B,DHL,Furniture,On Time,1678.45,2176.57,No,5
ORD00057,2026-03-08 19:49:53,2026-03-09 19:49:53,2026-03-14 19:49:53,Central,WH_C,FedEx,Beauty,On Time,1625.69,1285.67,No,4
ORD00058,2026-01-04 19:54:24,2026-01-05 19:54:24,2026-01-12 19:54:24,North,WH_C,UPS,Furniture,Late,160.07,171.66,No,2
ORD00059,2026-03-27 07:53:27,2026-03-29 07:53:27,2026-04-05 07:53:27,South,WH_D,USPS,Beauty,Late,1615.3,2195.07,No,2
ORD00060,2025-11-15 01:53:34,2025-11-16 01:53:34,2025-11-23 01:53:34,Central,WH_A,FedEx,Food,Late,746.47,591.68,No,3
ORD00061,2025-12-14 03:13:12,2025-12-16 03:13:12,2025-12-18 03:13:12,Central,WH_D,USPS,Beauty,On Time,1452.2,1201.3,No,4
ORD00062,2025-11-22 16:29:11,2025-11-25 16:29:11,2025-12-04 16:29:11,South,WH_D,FedEx,Beauty,Late,1489.53,1140.43,No,1
ORD00063,2025-11-26 17:50:03,2025-11-28 17:50:03,2025-12-04 17:50:03,Central,WH_C,UPS,Electronics,Late,1853.55,1133.36,No,3
ORD00064,2026-02-12 15:04:14,2026-02-13 15:04:14,2026-02-22 15:04:14,Central,WH_A,USPS,Beauty,Late,1893.05,2273.16,No,2
ORD00065,2026-01-04 06:22:32,2026-01-05 06:22:32,2026-01-13 06:22:32,South,WH_A,UPS,Beauty,Late,247.14,308.39,No,2
ORD00066,2025-11-21 04:03:21,2025-11-22 04:03:21,2025-11-26 04:03:21,East,WH_C,DHL,Furniture,On Time,1050.24,1144.78,Yes,5
ORD00067,2025-11-24 20:06:10,2025-11-26 20:06:10,2025-12-05 20:06:10,South,WH_A,DHL,Food,Late,78.01,106.62,No,1
ORD00068,2026-04-29 03:35:01,2026-05-01 03:35:01,2026-05-06 03:35:01,East,WH_A,USPS,Clothing,On Time,1706.11,2516.24,No,3
ORD00069,2026-04-04 05:29:31,2026-04-07 05:29:31,2026-04-17 05:29:31,South,WH_B,USPS,Beauty,Late,1696.56,1820.1,No,1
ORD00070,2025-12-13 13:43:24,2025-12-15 13:43:24,2025-12-16 13:43:24,North,WH_D,DHL,Electronics,On Time,486.9,529.3,No,4
ORD00071,2025-11-29 17:00:55,2025-12-02 17:00:55,2025-12-05 17:00:55,South,WH_D,UPS,Clothing,On Time,1728.47,2426.34,No,4
ORD00072,2026-01-27 02:00:27,2026-01-30 02:00:27,2026-02-02 02:00:27,South,WH_B,DHL,Furniture,On Time,298.71,319.01,No,4
ORD00073,2025-11-15 00:38:55,2025-11-17 00:38:55,2025-11-18 00:38:55,Central,WH_C,FedEx,Food,On Time,1934.16,1709.89,No,4
ORD00074,2025-12-15 07:58:25,2025-12-18 07:58:25,2025-12-24 07:58:25,Central,WH_B,DHL,Furniture,Late,715.76,565.55,No,3
ORD00075,2026-02-24 08:38:02,2026-02-27 08:38:02,2026-03-04 08:38:02,South,WH_C,FedEx,Beauty,On Time,978.65,1313.46,No,5
ORD00076,2025-12-30 16:56:40,2025-12-31 16:56:40,2026-01-09 16:56:40,North,WH_D,DHL,Electronics,Late,1754.44,2417.74,No,3
ORD00077,2026-04-09 08:37:55,2026-04-10 08:37:55,2026-04-11 08:37:55,North,WH_B,FedEx,Food,On Time,1495.52,1497.26,No,4
ORD00078,2025-12-25 22:37:09,2025-12-26 22:37:09,2025-12-27 22:37:09,Central,WH_C,FedEx,Beauty,On Time,1927.61,2340.99,No,4
ORD00079,2026-02-09 13:42:03,2026-02-12 13:42:03,2026-02-19 13:42:03,East,WH_B,DHL,Food,Late,1698.15,1649.35,No,1
ORD00080,2026-02-16 03:51:07,2026-02-19 03:51:07,2026-02-22 03:51:07,North,WH_C,USPS,Food,On Time,912.8,559.22,Yes,4
ORD00081,2025-12-10 23:54:15,2025-12-11 23:54:15,2025-12-15 23:54:15,South,WH_C,USPS,Clothing,On Time,731.75,600.67,No,5
ORD00082,2026-02-04 00:56:21,2026-02-06 00:56:21,2026-02-09 00:56:21,North,WH_C,DHL,Food,On Time,497.72,337.02,No,4
ORD00083,2026-01-28 07:39:24,2026-01-31 07:39:24,2026-02-03 07:39:24,East,WH_B,USPS,Clothing,On Time,215.3,115.28,No,4
ORD00084,2026-01-22 02:49:58,2026-01-25 02:49:58,2026-01-27 02:49:58,Central,WH_B,USPS,Furniture,On Time,222.58,130.61,No,3
ORD00085,2026-04-06 16:59:27,2026-04-08 16:59:27,2026-04-13 16:59:27,East,WH_C,DHL,Electronics,On Time,1107.08,1227.68,No,5
ORD00086,2026-04-30 13:54:35,2026-05-02 13:54:35,2026-05-09 13:54:35,West,WH_C,UPS,Electronics,Late,1737.07,970.4,No,3
ORD00087,2026-02-06 06:06:03,2026-02-09 06:06:03,2026-02-15 06:06:03,North,WH_C,DHL,Clothing,Late,1270.49,1122.37,Yes,3
ORD00088,2025-12-19 03:57:58,2025-12-22 03:57:58,2025-12-31 03:57:58,South,WH_C,UPS,Beauty,Late,1130.1,1192.69,No,3
ORD00089,2026-05-01 18:30:14,2026-05-04 18:30:14,2026-05-05 18:30:14,West,WH_A,UPS,Electronics,On Time,1686.28,1088.65,No,4
ORD00090,2026-04-18 14:45:19,2026-04-19 14:45:19,2026-04-27 14:45:19,West,WH_B,FedEx,Furniture,Late,1731.02,1217.45,No,1
ORD00091,2026-04-01 14:37:20,2026-04-02 14:37:20,2026-04-09 14:37:20,East,WH_C,FedEx,Furniture,Late,59.63,63.75,No,1
ORD00092,2026-01-08 07:53:00,2026-01-11 07:53:00,2026-01-17 07:53:00,Central,WH_B,DHL,Food,Late,1048.83,690.83,No,3
ORD00093,2025-12-16 23:45:14,2025-12-19 23:45:14,2025-12-20 23:45:14,West,WH_D,UPS,Electronics,On Time,1474.54,2158.68,No,5
ORD00094,2026-01-13 13:26:36,2026-01-16 13:26:36,2026-01-23 13:26:36,South,WH_C,UPS,Beauty,Late,46.75,56.03,Yes,1
ORD00095,2026-02-13 16:06:33,2026-02-14 16:06:33,2026-02-16 16:06:33,West,WH_A,UPS,Furniture,On Time,1729.89,1616.79,No,3
ORD00096,2026-04-26 07:06:41,2026-04-27 07:06:41,2026-05-03 07:06:41,Central,WH_A,UPS,Clothing,Late,736.97,408.98,Yes,1
ORD00097,2026-02-02 10:15:20,2026-02-05 10:15:20,2026-02-12 10:15:20,North,WH_D,UPS,Beauty,Late,1381.96,1770.91,Yes,2
ORD00098,2026-03-12 21:55:48,2026-03-13 21:55:48,2026-03-17 21:55:48,West,WH_C,USPS,Food,On Time,843.13,599.32,No,4
ORD00099,2026-03-04 14:00:08,2026-03-07 14:00:08,2026-03-17 14:00:08,West,WH_A,DHL,Beauty,Late,1463.99,2131.54,No,1
ORD00100,2026-03-08 01:16:51,2026-03-11 01:16:51,2026-03-18 01:16:51,South,WH_D,USPS,Furniture,Late,1427.52,1361.38,No,3
ORD00101,2026-04-16 11:17:48,2026-04-19 11:17:48,2026-04-25 11:17:48,Central,WH_B,USPS,Clothing,Late,990.71,1220.86,No,3
ORD00102,2026-04-06 12:41:49,2026-04-09 12:41:49,2026-04-18 12:41:49,East,WH_B,USPS,Furniture,Late,748.9,831.09,No,2
ORD00103,2025-11-12 00:10:25,2025-11-14 00:10:25,2025-11-17 00:10:25,East,WH_D,FedEx,Beauty,On Time,1706.48,2003.38,Yes,4
ORD00104,2026-04-25 05:41:17,2026-04-26 05:41:17,2026-04-28 05:41:17,East,WH_A,UPS,Electronics,On Time,656.41,719.51,No,3
ORD00105,2026-01-22 08:41:11,2026-01-24 08:41:11,2026-01-29 08:41:11,West,WH_C,USPS,Food,On Time,801.27,938.43,No,3
ORD00106,2026-01-17 18:04:43,2026-01-19 18:04:43,2026-01-21 18:04:43,South,WH_C,UPS,Clothing,On Time,222.35,244.43,No,3
ORD00107,2026-03-24 12:50:09,2026-03-27 12:50:09,2026-03-31 12:50:09,West,WH_B,FedEx,Beauty,On Time,1850.96,2605.1,No,3
ORD00108,2026-03-05 08:13:43,2026-03-06 08:13:43,2026-03-07 08:13:43,East,WH_C,UPS,Beauty,On Time,1313.27,926.76,No,4
ORD00109,2026-04-24 12:54:44,2026-04-26 12:54:44,2026-04-29 12:54:44,Central,WH_A,FedEx,Clothing,On Time,935.0,595.61,No,3
ORD00110,2026-01-24 03:16:11,2026-01-26 03:16:11,2026-02-01 03:16:11,South,WH_C,USPS,Food,Late,447.25,245.18,No,3
ORD00111,2026-02-18 12:24:26,2026-02-21 12:24:26,2026-03-02 12:24:26,East,WH_D,FedEx,Furniture,Late,667.63,607.45,No,3
ORD00112,2026-01-07 17:59:04,2026-01-08 17:59:04,2026-01-17 17:59:04,East,WH_A,DHL,Food,Late,136.43,79.48,No,3
ORD00113,2026-01-25 15:58:20,2026-01-26 15:58:20,2026-01-29 15:58:20,North,WH_B,USPS,Furniture,On Time,162.91,183.5,No,3
ORD00114,2026-03-23 16:35:27,2026-03-24 16:35:27,2026-03-28 16:35:27,West,WH_D,USPS,Food,On Time,45.59,36.34,No,3
ORD00115,2026-03-30 12:25:02,2026-04-02 12:25:02,2026-04-08 12:25:02,North,WH_C,FedEx,Clothing,Late,519.66,295.09,No,1
ORD00116,2026-01-10 13:28:01,2026-01-11 13:28:01,2026-01-14 13:28:01,South,WH_C,DHL,Furniture,On Time,1493.33,1809.86,No,4
ORD00117,2026-02-26 16:24:52,2026-02-28 16:24:52,2026-03-07 16:24:52,Central,WH_A,UPS,Furniture,Late,1923.7,2457.93,No,1
ORD00118,2026-04-11 06:34:49,2026-04-14 06:34:49,2026-04-21 06:34:49,East,WH_B,USPS,Food,Late,614.2,422.51,No,2
ORD00119,2026-04-25 07:35:37,2026-04-26 07:35:37,2026-05-04 07:35:37,Central,WH_D,UPS,Food,Late,1982.24,2638.63,No,2
ORD00120,2026-01-21 09:08:37,2026-01-23 09:08:37,2026-02-02 09:08:37,South,WH_D,UPS,Food,Late,1828.71,2222.34,No,3
ORD00121,2026-02-12 08:39:08,2026-02-15 08:39:08,2026-02-20 08:39:08,South,WH_B,USPS,Electronics,On Time,653.87,341.73,No,3
ORD00122,2025-11-26 22:10:18,2025-11-28 22:10:18,2025-12-05 22:10:18,South,WH_B,DHL,Electronics,Late,1393.14,1400.32,No,1
ORD00123,2026-04-02 22:50:29,2026-04-03 22:50:29,2026-04-05 22:50:29,South,WH_B,FedEx,Food,On Time,1250.94,674.9,No,3
ORD00124,2025-11-15 15:53:01,2025-11-17 15:53:01,2025-11-24 15:53:01,East,WH_A,DHL,Clothing,Late,798.23,831.07,No,2
ORD00125,2025-12-04 12:14:24,2025-12-07 12:14:24,2025-12-14 12:14:24,West,WH_B,UPS,Beauty,Late,1870.12,1727.31,No,2
ORD00126,2026-04-07 18:46:23,2026-04-08 18:46:23,2026-04-16 18:46:23,North,WH_A,UPS,Furniture,Late,1137.76,991.97,No,1
ORD00127,2025-11-14 11:30:59,2025-11-16 11:30:59,2025-11-24 11:30:59,Central,WH_C,USPS,Electronics,Late,1652.66,987.59,No,2
ORD00128,2025-11-23 14:11:12,2025-11-25 14:11:12,2025-12-04 14:11:12,South,WH_B,DHL,Clothing,Late,1922.79,1420.69,No,3
ORD00129,2025-11-15 19:36:22,2025-11-16 19:36:22,2025-11-18 19:36:22,North,WH_A,UPS,Clothing,On Time,1817.29,1601.88,No,4
ORD00130,2026-04-18 18:00:23,2026-04-20 18:00:23,2026-04-29 18:00:23,West,WH_A,USPS,Clothing,Late,317.49,396.7,No,2
ORD00131,2026-02-20 08:44:01,2026-02-21 08:44:01,2026-02-26 08:44:01,South,WH_B,DHL,Furniture,On Time,1458.87,1366.72,No,3
ORD00132,2026-05-07 14:45:05,2026-05-09 14:45:05,2026-05-16 14:45:05,East,WH_D,UPS,Beauty,Late,812.42,560.13,No,3
ORD00133,2026-03-01 22:16:39,2026-03-03 22:16:39,2026-03-13 22:16:39,South,WH_C,USPS,Beauty,Late,241.7,202.19,No,3
ORD00134,2025-11-17 23:04:44,2025-11-18 23:04:44,2025-11-28 23:04:44,Central,WH_B,UPS,Food,Late,1656.71,2100.29,No,1
ORD00135,2025-12-06 17:38:54,2025-12-08 17:38:54,2025-12-15 17:38:54,West,WH_A,FedEx,Electronics,Late,54.74,40.32,No,3
ORD00136,2025-12-09 23:29:37,2025-12-12 23:29:37,2025-12-20 23:29:37,East,WH_C,FedEx,Food,Late,528.34,731.95,No,3
ORD00137,2026-01-14 20:59:52,2026-01-16 20:59:52,2026-01-24 20:59:52,North,WH_C,USPS,Electronics,Late,279.16,154.44,No,3
ORD00138,2026-03-08 13:36:11,2026-03-09 13:36:11,2026-03-11 13:36:11,West,WH_C,DHL,Furniture,On Time,543.8,476.31,Yes,4
ORD00139,2025-12-28 02:40:23,2025-12-30 02:40:23,2026-01-03 02:40:23,South,WH_B,USPS,Food,On Time,338.89,186.59,No,3
ORD00140,2026-04-28 20:53:51,2026-05-01 20:53:51,2026-05-03 20:53:51,East,WH_C,UPS,Electronics,On Time,536.15,735.58,No,5
ORD00141,2025-11-15 22:31:54,2025-11-16 22:31:54,2025-11-26 22:31:54,South,WH_A,USPS,Beauty,Late,790.41,1009.37,No,1
ORD00142,2026-04-23 03:48:41,2026-04-24 03:48:41,2026-04-28 03:48:41,East,WH_D,USPS,Food,On Time,1594.72,1289.6,No,5
ORD00143,2026-02-03 21:04:33,2026-02-05 21:04:33,2026-02-07 21:04:33,North,WH_C,DHL,Furniture,On Time,1660.95,1179.79,No,4
ORD00144,2026-05-01 10:40:01,2026-05-02 10:40:01,2026-05-12 10:40:01,West,WH_B,DHL,Beauty,Late,1260.87,1309.65,No,2
ORD00145,2026-01-15 02:23:22,2026-01-16 02:23:22,2026-01-21 02:23:22,East,WH_A,FedEx,Food,On Time,1374.46,1552.47,No,5
ORD00146,2026-02-25 21:22:16,2026-02-27 21:22:16,2026-03-02 21:22:16,North,WH_D,UPS,Furniture,On Time,514.65,323.11,No,3
ORD00147,2025-12-14 18:33:16,2025-12-17 18:33:16,2025-12-20 18:33:16,South,WH_D,USPS,Food,On Time,587.03,370.97,No,3
ORD00148,2026-02-07 08:10:10,2026-02-09 08:10:10,2026-02-16 08:10:10,East,WH_C,DHL,Electronics,Late,1025.08,554.73,No,3
ORD00149,2026-03-06 09:55:32,2026-03-09 09:55:32,2026-03-11 09:55:32,North,WH_B,DHL,Electronics,On Time,1095.47,892.91,No,3
ORD00150,2025-12-23 12:12:51,2025-12-25 12:12:51,2026-01-02 12:12:51,North,WH_D,UPS,Food,Late,711.73,827.55,No,3
ORD00151,2025-12-02 18:44:03,2025-12-03 18:44:03,2025-12-10 18:44:03,North,WH_A,FedEx,Furniture,Late,1826.45,1560.34,No,1
ORD00152,2026-03-01 15:35:04,2026-03-03 15:35:04,2026-03-12 15:35:04,South,WH_D,USPS,Beauty,Late,1973.21,2782.65,No,1
ORD00153,2026-03-04 11:36:06,2026-03-07 11:36:06,2026-03-10 11:36:06,Central,WH_D,USPS,Furniture,On Time,1414.23,1982.42,No,4
ORD00154,2025-11-06 19:43:03,2025-11-09 19:43:03,2025-11-13 19:43:03,West,WH_B,USPS,Food,On Time,1383.89,972.05,No,4
ORD00155,2026-04-29 18:51:43,2026-04-30 18:51:43,2026-05-03 18:51:43,East,WH_B,UPS,Beauty,On Time,1630.04,943.13,No,4
ORD00156,2026-01-26 12:02:14,2026-01-28 12:02:14,2026-02-07 12:02:14,East,WH_B,DHL,Food,Late,304.6,216.14,No,2
ORD00157,2025-12-31 04:44:35,2026-01-02 04:44:35,2026-01-12 04:44:35,South,WH_B,DHL,Furniture,Late,821.29,693.48,No,3
ORD00158,2026-04-17 20:17:14,2026-04-20 20:17:14,2026-04-25 20:17:14,West,WH_D,DHL,Electronics,On Time,1312.61,1339.86,No,5
ORD00159,2025-11-15 14:01:59,2025-11-17 14:01:59,2025-11-24 14:01:59,North,WH_B,DHL,Beauty,Late,79.46,89.2,No,3
ORD00160,2026-01-05 07:45:13,2026-01-06 07:45:13,2026-01-15 07:45:13,South,WH_C,USPS,Electronics,Late,1472.83,2097.67,No,1
ORD00161,2026-05-07 13:57:02,2026-05-10 13:57:02,2026-05-17 13:57:02,South,WH_D,DHL,Furniture,Late,1918.49,1752.05,No,3
ORD00162,2025-12-03 13:31:21,2025-12-06 13:31:21,2025-12-13 13:31:21,Central,WH_B,FedEx,Beauty,Late,246.57,200.82,No,1
ORD00163,2026-02-21 08:10:52,2026-02-22 08:10:52,2026-02-24 08:10:52,Central,WH_C,DHL,Furniture,On Time,1600.66,1076.73,No,3
ORD00164,2026-03-23 00:48:52,2026-03-24 00:48:52,2026-03-29 00:48:52,West,WH_C,FedEx,Electronics,On Time,502.47,410.08,No,5
ORD00165,2025-12-08 02:29:51,2025-12-11 02:29:51,2025-12-16 02:29:51,North,WH_C,DHL,Beauty,On Time,49.96,71.68,No,5
ORD00166,2026-01-20 21:55:26,2026-01-23 21:55:26,2026-01-27 21:55:26,West,WH_C,USPS,Clothing,On Time,876.55,1139.87,No,4
ORD00167,2026-03-25 10:10:23,2026-03-27 10:10:23,2026-04-03 10:10:23,South,WH_C,UPS,Clothing,Late,1893.49,1491.19,No,1
ORD00168,2026-03-23 20:56:58,2026-03-24 20:56:58,2026-03-28 20:56:58,South,WH_B,USPS,Furniture,On Time,828.84,591.86,No,3
ORD00169,2025-12-04 16:46:33,2025-12-06 16:46:33,2025-12-14 16:46:33,North,WH_B,USPS,Clothing,Late,1545.62,1505.72,No,3
ORD00170,2025-11-21 15:34:29,2025-11-22 15:34:29,2025-12-01 15:34:29,North,WH_B,UPS,Clothing,Late,1133.94,1097.07,No,3
ORD00171,2026-01-22 23:06:14,2026-01-25 23:06:14,2026-02-02 23:06:14,North,WH_B,FedEx,Clothing,Late,882.69,511.48,No,3
ORD00172,2026-02-08 21:23:20,2026-02-09 21:23:20,2026-02-16 21:23:20,Central,WH_C,UPS,Electronics,Late,1175.84,1588.77,No,2
ORD00173,2026-03-25 19:49:43,2026-03-26 19:49:43,2026-04-01 19:49:43,South,WH_B,FedEx,Food,Late,1136.39,1643.29,No,3
ORD00174,2025-12-12 13:35:20,2025-12-13 13:35:20,2025-12-15 13:35:20,West,WH_B,FedEx,Clothing,On Time,596.51,371.66,No,5
ORD00175,2026-05-02 16:26:33,2026-05-04 16:26:33,2026-05-11 16:26:33,East,WH_A,DHL,Clothing,Late,312.73,431.93,No,2
ORD00176,2025-11-14 17:15:23,2025-11-17 17:15:23,2025-11-18 17:15:23,Central,WH_A,UPS,Clothing,On Time,642.22,842.93,No,5
ORD00177,2026-03-19 09:36:47,2026-03-21 09:36:47,2026-03-23 09:36:47,West,WH_D,FedEx,Food,On Time,113.64,101.7,No,4
ORD00178,2026-03-07 14:59:33,2026-03-10 14:59:33,2026-03-11 14:59:33,West,WH_B,USPS,Food,On Time,651.14,421.48,No,3
ORD00179,2026-02-11 05:13:56,2026-02-12 05:13:56,2026-02-15 05:13:56,West,WH_B,USPS,Beauty,On Time,1185.97,1127.2,No,5
ORD00180,2025-12-03 05:30:15,2025-12-05 05:30:15,2025-12-09 05:30:15,West,WH_C,DHL,Furniture,On Time,1421.47,1617.78,No,3
ORD00181,2026-04-13 09:59:01,2026-04-16 09:59:01,2026-04-20 09:59:01,East,WH_B,DHL,Clothing,On Time,1974.27,2698.28,No,5
ORD00182,2025-12-21 23:44:27,2025-12-23 23:44:27,2025-12-25 23:44:27,South,WH_C,UPS,Clothing,On Time,43.19,52.67,No,4
ORD00183,2026-01-23 16:01:28,2026-01-26 16:01:28,2026-02-05 16:01:28,North,WH_D,DHL,Clothing,Late,1462.91,858.04,Yes,2
ORD00184,2026-03-08 13:47:14,2026-03-11 13:47:14,2026-03-16 13:47:14,Central,WH_D,DHL,Furniture,On Time,438.73,292.3,Yes,3
ORD00185,2026-03-03 20:06:37,2026-03-04 20:06:37,2026-03-06 20:06:37,Central,WH_A,USPS,Food,On Time,584.39,533.38,No,3
ORD00186,2026-04-04 07:52:35,2026-04-06 07:52:35,2026-04-16 07:52:35,East,WH_D,FedEx,Electronics,Late,941.08,824.04,No,1
ORD00187,2026-01-02 05:09:18,2026-01-05 05:09:18,2026-01-15 05:09:18,East,WH_C,USPS,Beauty,Late,888.87,983.61,No,3
ORD00188,2026-02-05 09:25:11,2026-02-08 09:25:11,2026-02-12 09:25:11,Central,WH_D,DHL,Electronics,On Time,762.15,864.04,No,4
ORD00189,2026-04-09 16:01:15,2026-04-12 16:01:15,2026-04-13 16:01:15,South,WH_B,USPS,Food,On Time,1835.4,1104.21,No,4
ORD00190,2026-01-18 11:28:16,2026-01-21 11:28:16,2026-01-23 11:28:16,North,WH_D,UPS,Clothing,On Time,863.12,1072.8,No,5
ORD00191,2026-05-03 07:04:10,2026-05-04 07:04:10,2026-05-14 07:04:10,West,WH_B,USPS,Furniture,Late,608.03,893.15,No,3
ORD00192,2025-11-19 17:57:26,2025-11-22 17:57:26,2025-11-25 17:57:26,North,WH_A,DHL,Electronics,On Time,271.78,372.19,No,4
ORD00193,2026-04-28 21:26:17,2026-05-01 21:26:17,2026-05-06 21:26:17,West,WH_B,DHL,Food,On Time,1423.6,1777.27,Yes,5
ORD00194,2026-03-25 07:35:22,2026-03-28 07:35:22,2026-03-29 07:35:22,Central,WH_D,DHL,Electronics,On Time,249.42,311.65,No,5
ORD00195,2026-03-19 23:26:18,2026-03-22 23:26:18,2026-03-28 23:26:18,North,WH_D,FedEx,Electronics,Late,717.31,656.1,No,1
ORD00196,2026-03-09 15:24:54,2026-03-12 15:24:54,2026-03-20 15:24:54,East,WH_C,DHL,Beauty,Late,75.69,94.27,No,3
ORD00197,2026-03-04 02:15:21,2026-03-07 02:15:21,2026-03-14 02:15:21,North,WH_D,DHL,Furniture,Late,1817.87,2376.98,No,1
ORD00198,2025-11-29 23:46:16,2025-12-01 23:46:16,2025-12-04 23:46:16,North,WH_B,FedEx,Furniture,On Time,650.04,741.32,No,3
ORD00199,2026-02-12 06:40:03,2026-02-14 06:40:03,2026-02-16 06:40:03,East,WH_B,UPS,Food,On Time,152.05,186.48,No,5
ORD00200,2026-03-28 04:26:07,2026-03-29 04:26:07,2026-04-03 04:26:07,South,WH_A,DHL,Clothing,On Time,1321.78,1981.96,No,3
ORD00201,2026-03-27 12:54:11,2026-03-30 12:54:11,2026-03-31 12:54:11,West,WH_B,DHL,Furniture,On Time,729.04,405.76,No,3
ORD00202,2025-12-22 15:42:43,2025-12-23 15:42:43,2025-12-24 15:42:43,Central,WH_D,UPS,Food,On Time,1606.98,2396.81,No,3
ORD00203,2026-02-20 13:30:20,2026-02-21 13:30:20,2026-02-28 13:30:20,North,WH_C,FedEx,Furniture,Late,873.37,800.92,No,3
ORD00204,2026-02-05 12:36:26,2026-02-06 12:36:26,2026-02-15 12:36:26,West,WH_D,USPS,Food,Late,1725.57,1052.8,No,2
ORD00205,2025-11-28 18:55:54,2025-11-30 18:55:54,2025-12-06 18:55:54,North,WH_B,UPS,Beauty,Late,149.92,93.77,No,1
ORD00206,2025-12-17 17:51:41,2025-12-19 17:51:41,2025-12-27 17:51:41,Central,WH_D,USPS,Furniture,Late,1548.93,1517.74,No,2
ORD00207,2026-05-03 06:03:00,2026-05-04 06:03:00,2026-05-12 06:03:00,East,WH_A,DHL,Beauty,Late,800.55,435.4,No,3
ORD00208,2026-02-20 07:37:35,2026-02-22 07:37:35,2026-03-03 07:37:35,East,WH_C,DHL,Electronics,Late,1511.24,1005.8,No,3
ORD00209,2026-01-08 03:03:22,2026-01-10 03:03:22,2026-01-16 03:03:22,South,WH_B,FedEx,Clothing,Late,1654.01,2074.7,Yes,1
ORD00210,2025-11-23 23:47:34,2025-11-25 23:47:34,2025-12-01 23:47:34,Central,WH_B,USPS,Clothing,Late,1154.01,1629.13,No,3
ORD00211,2026-02-23 20:01:39,2026-02-25 20:01:39,2026-03-02 20:01:39,Central,WH_A,UPS,Furniture,On Time,1555.12,1639.2,No,4
ORD00212,2025-11-24 02:59:53,2025-11-27 02:59:53,2025-12-06 02:59:53,East,WH_C,USPS,Food,Late,1439.41,1106.97,No,2
ORD00213,2026-02-18 06:53:44,2026-02-19 06:53:44,2026-02-25 06:53:44,South,WH_A,UPS,Beauty,Late,808.11,802.07,No,2
ORD00214,2026-03-03 20:22:51,2026-03-06 20:22:51,2026-03-13 20:22:51,East,WH_D,UPS,Electronics,Late,1571.28,1612.38,No,2
ORD00215,2025-11-20 08:03:38,2025-11-22 08:03:38,2025-11-27 08:03:38,South,WH_C,DHL,Food,On Time,1944.52,2179.91,No,5
ORD00216,2026-03-20 03:38:27,2026-03-23 03:38:27,2026-04-01 03:38:27,South,WH_C,USPS,Beauty,Late,1500.11,949.9,No,1
ORD00217,2026-03-12 18:41:33,2026-03-13 18:41:33,2026-03-22 18:41:33,West,WH_A,DHL,Electronics,Late,1240.13,974.87,Yes,3
ORD00218,2025-11-23 14:39:31,2025-11-24 14:39:31,2025-11-28 14:39:31,East,WH_D,UPS,Food,On Time,1038.0,1094.73,No,5
ORD00219,2025-12-13 03:21:34,2025-12-16 03:21:34,2025-12-19 03:21:34,East,WH_C,DHL,Beauty,On Time,1884.41,2708.95,No,3
ORD00220,2026-01-01 22:12:40,2026-01-02 22:12:40,2026-01-04 22:12:40,West,WH_C,USPS,Clothing,On Time,139.59,121.87,No,4
ORD00221,2026-01-09 11:24:37,2026-01-12 11:24:37,2026-01-22 11:24:37,West,WH_D,UPS,Beauty,Late,107.73,124.62,Yes,3
ORD00222,2026-05-02 11:42:57,2026-05-03 11:42:57,2026-05-04 11:42:57,North,WH_C,USPS,Furniture,On Time,971.02,812.99,No,3
ORD00223,2025-12-23 19:16:42,2025-12-25 19:16:42,2026-01-01 19:16:42,East,WH_C,UPS,Electronics,Late,1582.31,986.06,No,1
ORD00224,2026-01-18 08:47:13,2026-01-21 08:47:13,2026-01-28 08:47:13,East,WH_A,USPS,Beauty,Late,1435.62,2039.75,No,2
ORD00225,2025-12-09 01:31:52,2025-12-12 01:31:52,2025-12-15 01:31:52,West,WH_B,USPS,Beauty,On Time,955.28,497.69,No,5
ORD00226,2026-01-18 09:20:36,2026-01-19 09:20:36,2026-01-21 09:20:36,South,WH_C,FedEx,Clothing,On Time,332.21,457.85,No,4
ORD00227,2025-12-19 19:57:23,2025-12-21 19:57:23,2025-12-31 19:57:23,East,WH_D,FedEx,Electronics,Late,615.08,603.3,No,3
ORD00228,2026-04-12 15:42:40,2026-04-13 15:42:40,2026-04-22 15:42:40,South,WH_B,USPS,Electronics,Late,1272.56,1291.53,No,2
ORD00229,2025-12-03 23:38:55,2025-12-04 23:38:55,2025-12-11 23:38:55,North,WH_D,FedEx,Food,Late,1508.04,1315.01,No,1
ORD00230,2026-03-13 20:40:22,2026-03-14 20:40:22,2026-03-16 20:40:22,South,WH_B,DHL,Electronics,On Time,1303.79,1092.52,No,3
ORD00231,2026-02-13 08:38:42,2026-02-16 08:38:42,2026-02-25 08:38:42,Central,WH_D,DHL,Furniture,Late,1823.84,2488.24,No,1
ORD00232,2026-02-12 22:40:27,2026-02-14 22:40:27,2026-02-17 22:40:27,North,WH_A,UPS,Food,On Time,1257.83,1821.7,No,5
ORD00233,2026-01-23 02:29:38,2026-01-26 02:29:38,2026-01-28 02:29:38,West,WH_A,DHL,Clothing,On Time,1471.11,2128.35,Yes,5
ORD00234,2026-04-18 05:48:19,2026-04-21 05:48:19,2026-04-26 05:48:19,Central,WH_C,UPS,Beauty,On Time,75.55,38.42,No,3
ORD00235,2026-02-03 10:54:26,2026-02-06 10:54:26,2026-02-14 10:54:26,North,WH_B,DHL,Food,Late,469.05,635.54,Yes,1
ORD00236,2025-12-13 13:23:20,2025-12-14 13:23:20,2025-12-17 13:23:20,Central,WH_A,FedEx,Electronics,On Time,619.17,525.09,Yes,5
ORD00237,2026-03-12 11:53:13,2026-03-13 11:53:13,2026-03-22 11:53:13,West,WH_B,USPS,Furniture,Late,99.41,89.12,No,1
ORD00238,2026-04-14 02:05:29,2026-04-16 02:05:29,2026-04-21 02:05:29,Central,WH_A,FedEx,Beauty,On Time,758.91,384.67,No,4
ORD00239,2025-12-29 07:40:27,2026-01-01 07:40:27,2026-01-07 07:40:27,West,WH_A,USPS,Clothing,Late,221.17,202.13,No,2
ORD00240,2026-03-18 05:55:25,2026-03-20 05:55:25,2026-03-25 05:55:25,East,WH_A,DHL,Beauty,On Time,1038.6,673.2,No,5
ORD00241,2026-02-25 11:19:35,2026-02-28 11:19:35,2026-03-09 11:19:35,South,WH_C,DHL,Electronics,Late,647.29,708.22,No,2
ORD00242,2026-02-24 08:24:26,2026-02-25 08:24:26,2026-03-02 08:24:26,West,WH_D,FedEx,Beauty,On Time,951.9,1257.05,No,4
ORD00243,2026-04-10 05:29:51,2026-04-12 05:29:51,2026-04-13 05:29:51,South,WH_B,UPS,Electronics,On Time,1875.79,2373.51,No,3
ORD00244,2026-02-04 19:17:03,2026-02-06 19:17:03,2026-02-09 19:17:03,East,WH_B,USPS,Food,On Time,1939.89,2390.16,No,3
ORD00245,2026-01-24 20:12:25,2026-01-26 20:12:25,2026-02-02 20:12:25,East,WH_B,DHL,Furniture,Late,1867.53,1789.37,No,1
ORD00246,2025-12-19 12:37:28,2025-12-21 12:37:28,2025-12-26 12:37:28,Central,WH_A,FedEx,Clothing,On Time,1558.54,1822.91,No,5
ORD00247,2026-01-12 19:28:16,2026-01-13 19:28:16,2026-01-21 19:28:16,North,WH_B,USPS,Beauty,Late,320.91,339.36,Yes,1
ORD00248,2025-12-17 01:16:15,2025-12-19 01:16:15,2025-12-27 01:16:15,North,WH_A,DHL,Food,Late,1172.43,653.79,No,3
ORD00249,2026-02-28 14:42:46,2026-03-01 14:42:46,2026-03-10 14:42:46,East,WH_A,DHL,Food,Late,1230.45,1381.7,No,2
ORD00250,2026-05-02 10:25:20,2026-05-05 10:25:20,2026-05-14 10:25:20,East,WH_B,USPS,Furniture,Late,1600.06,2378.17,No,2
ORD00251,2026-01-12 19:48:19,2026-01-13 19:48:19,2026-01-14 19:48:19,North,WH_A,FedEx,Beauty,On Time,1621.62,1090.9,No,3
ORD00252,2025-11-12 23:21:39,2025-11-15 23:21:39,2025-11-17 23:21:39,Central,WH_A,DHL,Beauty,On Time,1567.36,1060.69,No,3
ORD00253,2026-01-27 12:28:42,2026-01-28 12:28:42,2026-02-05 12:28:42,East,WH_C,FedEx,Food,Late,1372.31,871.41,No,3
ORD00254,2026-01-15 19:12:24,2026-01-16 19:12:24,2026-01-22 19:12:24,East,WH_D,DHL,Clothing,Late,1810.47,2008.05,No,3
ORD00255,2026-04-09 02:18:55,2026-04-11 02:18:55,2026-04-19 02:18:55,East,WH_A,USPS,Electronics,Late,1158.04,942.16,No,1
ORD00256,2025-12-09 02:48:53,2025-12-11 02:48:53,2025-12-12 02:48:53,North,WH_D,DHL,Food,On Time,600.2,826.18,Yes,3
ORD00257,2026-01-19 10:19:21,2026-01-22 10:19:21,2026-01-25 10:19:21,South,WH_D,FedEx,Clothing,On Time,438.21,286.38,No,3
ORD00258,2026-05-01 12:04:32,2026-05-03 12:04:32,2026-05-11 12:04:32,East,WH_D,FedEx,Electronics,Late,147.15,130.16,No,2
ORD00259,2026-04-25 00:38:28,2026-04-28 00:38:28,2026-05-02 00:38:28,South,WH_C,USPS,Electronics,On Time,1117.16,762.6,No,4
ORD00260,2026-04-21 14:51:51,2026-04-23 14:51:51,2026-05-03 14:51:51,East,WH_C,UPS,Furniture,Late,548.5,560.81,No,1
ORD00261,2026-03-20 14:15:26,2026-03-21 14:15:26,2026-03-30 14:15:26,East,WH_A,DHL,Beauty,Late,1311.14,789.63,No,3
ORD00262,2026-05-02 01:51:34,2026-05-05 01:51:34,2026-05-11 01:51:34,West,WH_A,UPS,Beauty,Late,1256.78,1573.37,No,3
ORD00263,2026-01-23 19:04:15,2026-01-25 19:04:15,2026-01-29 19:04:15,East,WH_B,UPS,Food,On Time,649.16,425.2,No,3
ORD00264,2026-03-14 12:46:22,2026-03-17 12:46:22,2026-03-19 12:46:22,North,WH_A,DHL,Clothing,On Time,1068.11,1524.77,No,5
ORD00265,2025-12-18 00:34:34,2025-12-20 00:34:34,2025-12-21 00:34:34,North,WH_D,FedEx,Furniture,On Time,1198.82,1252.13,No,3
ORD00266,2025-11-15 18:50:25,2025-11-18 18:50:25,2025-11-20 18:50:25,West,WH_B,UPS,Electronics,On Time,754.72,986.98,No,5
ORD00267,2026-04-01 14:34:01,2026-04-04 14:34:01,2026-04-09 14:34:01,North,WH_D,USPS,Electronics,On Time,456.74,285.81,No,4
ORD00268,2026-02-02 06:16:27,2026-02-03 06:16:27,2026-02-04 06:16:27,East,WH_A,DHL,Electronics,On Time,408.32,329.76,No,5
ORD00269,2025-11-21 11:12:07,2025-11-23 11:12:07,2025-12-02 11:12:07,East,WH_A,USPS,Clothing,Late,1802.37,1944.92,No,2
ORD00270,2026-04-29 03:14:38,2026-05-01 03:14:38,2026-05-10 03:14:38,East,WH_B,USPS,Beauty,Late,714.65,440.51,No,2
ORD00271,2026-01-14 16:23:43,2026-01-15 16:23:43,2026-01-25 16:23:43,South,WH_C,FedEx,Clothing,Late,541.95,564.05,No,3
ORD00272,2026-02-26 13:03:00,2026-02-28 13:03:00,2026-03-07 13:03:00,East,WH_A,USPS,Electronics,Late,1282.9,1684.41,No,2
ORD00273,2026-03-16 23:40:19,2026-03-18 23:40:19,2026-03-28 23:40:19,West,WH_A,USPS,Furniture,Late,543.3,330.93,No,2
ORD00274,2026-04-28 04:43:11,2026-04-30 04:43:11,2026-05-02 04:43:11,Central,WH_C,USPS,Food,On Time,1813.66,2601.79,No,3
ORD00275,2025-12-18 18:20:18,2025-12-20 18:20:18,2025-12-22 18:20:18,Central,WH_D,USPS,Furniture,On Time,435.33,280.83,No,5
ORD00276,2026-03-13 20:29:32,2026-03-14 20:29:32,2026-03-20 20:29:32,South,WH_A,USPS,Electronics,Late,38.69,27.45,No,2
ORD00277,2025-12-26 13:33:44,2025-12-28 13:33:44,2026-01-02 13:33:44,East,WH_D,DHL,Beauty,On Time,508.75,440.16,Yes,4
ORD00278,2026-02-11 06:23:04,2026-02-14 06:23:04,2026-02-19 06:23:04,North,WH_D,UPS,Beauty,On Time,383.12,326.88,No,4
ORD00279,2026-01-23 13:01:44,2026-01-26 13:01:44,2026-02-03 13:01:44,South,WH_D,USPS,Electronics,Late,1567.78,2060.8,No,3
ORD00280,2025-11-15 19:48:57,2025-11-17 19:48:57,2025-11-25 19:48:57,East,WH_A,UPS,Beauty,Late,1181.54,661.11,No,3
ORD00281,2026-02-05 07:01:59,2026-02-07 07:01:59,2026-02-11 07:01:59,Central,WH_C,FedEx,Electronics,On Time,682.31,731.38,No,4
ORD00282,2026-01-08 06:22:44,2026-01-09 06:22:44,2026-01-15 06:22:44,West,WH_C,FedEx,Electronics,Late,1844.61,2748.25,No,3
ORD00283,2026-03-21 18:58:43,2026-03-22 18:58:43,2026-03-27 18:58:43,Central,WH_C,USPS,Electronics,On Time,1544.87,1959.4,No,3
ORD00284,2025-11-21 05:30:07,2025-11-24 05:30:07,2025-12-03 05:30:07,North,WH_A,FedEx,Electronics,Late,399.61,580.63,No,2
ORD00285,2025-11-07 18:51:40,2025-11-08 18:51:40,2025-11-16 18:51:40,West,WH_D,UPS,Clothing,Late,886.0,461.48,No,3
ORD00286,2026-04-07 02:31:19,2026-04-10 02:31:19,2026-04-13 02:31:19,East,WH_B,DHL,Food,On Time,1607.1,2351.84,Yes,5
ORD00287,2026-03-06 22:18:17,2026-03-09 22:18:17,2026-03-16 22:18:17,West,WH_D,USPS,Furniture,Late,1534.57,1541.99,No,2
ORD00288,2026-03-01 11:09:45,2026-03-02 11:09:45,2026-03-06 11:09:45,Central,WH_D,USPS,Furniture,On Time,504.53,440.52,No,5
ORD00289,2026-03-05 14:54:23,2026-03-07 14:54:23,2026-03-14 14:54:23,North,WH_A,DHL,Clothing,Late,1560.91,1051.16,No,3
ORD00290,2026-04-26 13:16:00,2026-04-27 13:16:00,2026-05-05 13:16:00,Central,WH_B,DHL,Furniture,Late,211.83,182.78,Yes,2
ORD00291,2026-04-22 08:06:17,2026-04-24 08:06:17,2026-04-28 08:06:17,West,WH_D,USPS,Electronics,On Time,1192.21,1160.44,No,5
ORD00292,2025-11-17 23:11:04,2025-11-19 23:11:04,2025-11-23 23:11:04,North,WH_A,UPS,Clothing,On Time,747.25,1120.25,No,4
ORD00293,2026-03-28 08:56:00,2026-03-31 08:56:00,2026-04-09 08:56:00,North,WH_B,FedEx,Food,Late,1045.08,710.92,No,1
ORD00294,2025-11-10 00:01:40,2025-11-13 00:01:40,2025-11-15 00:01:40,East,WH_C,DHL,Beauty,On Time,1251.15,1778.5,Yes,5
ORD00295,2025-11-06 09:52:49,2025-11-07 09:52:49,2025-11-16 09:52:49,East,WH_B,FedEx,Furniture,Late,1352.9,691.11,No,1
ORD00296,2025-12-21 18:12:59,2025-12-23 18:12:59,2026-01-02 18:12:59,North,WH_D,UPS,Beauty,Late,1903.11,2237.9,No,2
ORD00297,2026-01-23 03:49:51,2026-01-25 03:49:51,2026-01-28 03:49:51,Central,WH_B,UPS,Furniture,On Time,727.8,993.53,No,3
ORD00298,2026-05-04 22:50:48,2026-05-06 22:50:48,2026-05-12 22:50:48,East,WH_D,FedEx,Electronics,Late,627.98,626.08,No,1
ORD00299,2025-11-28 22:48:23,2025-11-29 22:48:23,2025-12-09 22:48:23,South,WH_A,FedEx,Clothing,Late,338.27,383.45,No,2
ORD00300,2026-01-21 19:16:49,2026-01-22 19:16:49,2026-01-28 19:16:49,East,WH_C,UPS,Beauty,Late,518.4,653.71,No,3
ORD00301,2026-04-19 02:12:07,2026-04-21 02:12:07,2026-04-23 02:12:07,North,WH_D,FedEx,Clothing,On Time,721.11,842.08,No,5
ORD00302,2026-02-28 01:44:09,2026-03-03 01:44:09,2026-03-04 01:44:09,West,WH_D,DHL,Clothing,On Time,1658.0,1807.16,No,5
ORD00303,2026-01-17 10:37:35,2026-01-19 10:37:35,2026-01-24 10:37:35,South,WH_D,UPS,Furniture,On Time,1161.07,1060.87,No,5
ORD00304,2026-01-13 23:55:38,2026-01-14 23:55:38,2026-01-21 23:55:38,East,WH_A,USPS,Beauty,Late,1789.37,1580.56,Yes,2
ORD00305,2026-03-23 22:33:12,2026-03-25 22:33:12,2026-03-29 22:33:12,South,WH_C,UPS,Food,On Time,918.16,879.11,No,4
ORD00306,2026-03-30 15:49:48,2026-04-02 15:49:48,2026-04-03 15:49:48,North,WH_C,DHL,Electronics,On Time,1453.87,1136.13,No,4
ORD00307,2025-12-16 22:59:28,2025-12-19 22:59:28,2025-12-25 22:59:28,West,WH_C,USPS,Food,Late,1495.26,1054.29,No,3
ORD00308,2025-12-12 20:43:08,2025-12-14 20:43:08,2025-12-18 20:43:08,West,WH_C,FedEx,Furniture,On Time,1663.31,1103.32,No,5
ORD00309,2026-04-25 02:01:55,2026-04-27 02:01:55,2026-05-05 02:01:55,East,WH_B,USPS,Beauty,Late,412.46,295.93,No,3
ORD00310,2025-12-28 01:46:30,2025-12-30 01:46:30,2026-01-07 01:46:30,North,WH_A,FedEx,Food,Late,393.3,505.38,No,3
ORD00311,2026-04-27 06:44:46,2026-04-28 06:44:46,2026-04-30 06:44:46,Central,WH_B,FedEx,Electronics,On Time,1198.14,1216.53,No,3
ORD00312,2026-03-14 00:03:35,2026-03-16 00:03:35,2026-03-18 00:03:35,North,WH_B,USPS,Furniture,On Time,189.98,268.45,No,4
ORD00313,2025-12-18 21:59:09,2025-12-19 21:59:09,2025-12-25 21:59:09,West,WH_D,FedEx,Beauty,Late,1332.47,1630.41,No,2
ORD00314,2025-11-29 14:06:47,2025-12-02 14:06:47,2025-12-12 14:06:47,South,WH_D,FedEx,Furniture,Late,53.94,67.2,No,2
ORD00315,2026-02-03 08:17:54,2026-02-05 08:17:54,2026-02-07 08:17:54,Central,WH_C,DHL,Food,On Time,236.23,159.89,No,3
ORD00316,2025-12-09 05:12:42,2025-12-12 05:12:42,2025-12-15 05:12:42,East,WH_C,FedEx,Food,On Time,825.68,791.03,No,5
ORD00317,2026-02-07 03:19:47,2026-02-08 03:19:47,2026-02-16 03:19:47,West,WH_D,UPS,Furniture,Late,1698.61,1708.91,No,2
ORD00318,2025-12-08 20:21:32,2025-12-10 20:21:32,2025-12-19 20:21:32,South,WH_B,DHL,Beauty,Late,1846.19,2462.2,No,3
ORD00319,2025-12-04 16:49:26,2025-12-05 16:49:26,2025-12-13 16:49:26,Central,WH_C,FedEx,Furniture,Late,906.69,796.03,No,3
ORD00320,2026-03-31 12:49:05,2026-04-01 12:49:05,2026-04-09 12:49:05,West,WH_C,USPS,Clothing,Late,752.41,890.22,No,1
ORD00321,2025-11-13 06:37:06,2025-11-14 06:37:06,2025-11-23 06:37:06,South,WH_A,FedEx,Furniture,Late,1235.56,725.29,No,1
ORD00322,2026-01-24 21:53:45,2026-01-26 21:53:45,2026-01-30 21:53:45,South,WH_B,FedEx,Food,On Time,1396.99,1331.35,No,3
ORD00323,2026-03-06 16:57:51,2026-03-09 16:57:51,2026-03-12 16:57:51,East,WH_B,DHL,Electronics,On Time,1242.38,1226.14,No,4
ORD00324,2026-05-05 06:26:30,2026-05-06 06:26:30,2026-05-09 06:26:30,West,WH_B,DHL,Beauty,On Time,1815.59,2018.88,No,5
ORD00325,2025-11-11 03:23:36,2025-11-12 03:23:36,2025-11-15 03:23:36,North,WH_A,FedEx,Beauty,On Time,1856.41,1831.06,No,3
ORD00326,2025-11-18 16:59:19,2025-11-20 16:59:19,2025-11-28 16:59:19,Central,WH_D,FedEx,Clothing,Late,936.94,805.08,No,1
ORD00327,2025-11-11 13:04:45,2025-11-13 13:04:45,2025-11-17 13:04:45,North,WH_B,DHL,Food,On Time,1727.09,2070.78,No,3
ORD00328,2025-12-21 16:58:59,2025-12-24 16:58:59,2025-12-28 16:58:59,Central,WH_D,FedEx,Beauty,On Time,454.97,380.68,No,5
ORD00329,2025-12-07 18:49:16,2025-12-10 18:49:16,2025-12-19 18:49:16,Central,WH_B,FedEx,Electronics,Late,506.5,726.97,No,2
ORD00330,2026-03-03 06:47:40,2026-03-06 06:47:40,2026-03-16 06:47:40,West,WH_C,FedEx,Food,Late,798.66,1086.58,No,2
ORD00331,2025-12-23 01:18:00,2025-12-25 01:18:00,2026-01-01 01:18:00,West,WH_A,DHL,Food,Late,1132.91,986.86,No,3
ORD00332,2026-01-08 14:58:31,2026-01-09 14:58:31,2026-01-19 14:58:31,North,WH_C,DHL,Beauty,Late,1026.51,535.64,No,3
ORD00333,2026-01-08 12:49:26,2026-01-11 12:49:26,2026-01-21 12:49:26,East,WH_B,FedEx,Beauty,Late,1754.01,1203.66,No,2
ORD00334,2025-12-02 03:38:47,2025-12-04 03:38:47,2025-12-07 03:38:47,South,WH_D,FedEx,Beauty,On Time,1943.91,1527.81,No,5
ORD00335,2025-11-17 06:29:17,2025-11-20 06:29:17,2025-11-26 06:29:17,North,WH_A,USPS,Furniture,Late,818.06,801.22,No,3
ORD00336,2025-12-18 00:30:23,2025-12-19 00:30:23,2025-12-21 00:30:23,East,WH_A,FedEx,Clothing,On Time,1545.31,962.5,No,4
ORD00337,2026-02-28 20:55:23,2026-03-02 20:55:23,2026-03-12 20:55:23,West,WH_C,USPS,Electronics,Late,1824.58,1333.76,No,2
ORD00338,2026-02-12 05:02:37,2026-02-13 05:02:37,2026-02-23 05:02:37,West,WH_C,DHL,Furniture,Late,1623.02,1272.91,No,1
ORD00339,2026-01-16 12:33:50,2026-01-17 12:33:50,2026-01-24 12:33:50,North,WH_B,DHL,Furniture,Late,1842.92,1599.29,No,1
ORD00340,2026-05-01 21:14:11,2026-05-02 21:14:11,2026-05-07 21:14:11,West,WH_C,DHL,Furniture,On Time,981.48,578.19,No,5
ORD00341,2026-01-06 03:34:46,2026-01-09 03:34:46,2026-01-18 03:34:46,West,WH_C,UPS,Electronics,Late,613.53,556.48,Yes,2
ORD00342,2025-12-17 04:56:22,2025-12-20 04:56:22,2025-12-27 04:56:22,East,WH_D,UPS,Electronics,Late,961.4,1062.03,No,3
ORD00343,2026-02-25 14:23:58,2026-02-27 14:23:58,2026-03-04 14:23:58,West,WH_B,USPS,Clothing,On Time,1510.84,1244.44,No,3
ORD00344,2026-01-17 19:25:23,2026-01-18 19:25:23,2026-01-23 19:25:23,East,WH_B,USPS,Food,On Time,1255.87,1521.54,No,4
ORD00345,2026-01-31 06:07:02,2026-02-02 06:07:02,2026-02-10 06:07:02,South,WH_C,DHL,Beauty,Late,850.87,979.72,No,2
ORD00346,2026-04-02 05:59:50,2026-04-04 05:59:50,2026-04-08 05:59:50,Central,WH_B,USPS,Clothing,On Time,1655.85,2027.17,No,3
ORD00347,2026-04-22 12:30:20,2026-04-24 12:30:20,2026-04-30 12:30:20,East,WH_A,USPS,Food,Late,806.12,432.08,No,3
ORD00348,2025-12-05 12:55:41,2025-12-08 12:55:41,2025-12-10 12:55:41,East,WH_A,DHL,Furniture,On Time,1245.32,1204.32,No,3
ORD00349,2026-04-10 11:58:44,2026-04-13 11:58:44,2026-04-23 11:58:44,Central,WH_B,FedEx,Clothing,Late,1657.91,1362.44,No,1
ORD00350,2026-04-09 17:51:51,2026-04-12 17:51:51,2026-04-19 17:51:51,South,WH_B,FedEx,Clothing,Late,1022.54,676.34,No,1
ORD00351,2025-12-31 00:37:16,2026-01-03 00:37:16,2026-01-08 00:37:16,Central,WH_C,DHL,Furniture,On Time,1601.66,1139.8,No,5
ORD00352,2025-11-28 15:42:07,2025-11-30 15:42:07,2025-12-05 15:42:07,East,WH_D,DHL,Beauty,On Time,137.69,179.97,No,3
ORD00353,2025-12-30 06:46:42,2026-01-02 06:46:42,2026-01-05 06:46:42,East,WH_A,FedEx,Furniture,On Time,1466.47,1321.84,No,3
ORD00354,2026-03-19 07:00:00,2026-03-21 07:00:00,2026-03-30 07:00:00,South,WH_A,UPS,Clothing,Late,872.98,752.86,No,2
ORD00355,2025-11-06 12:14:55,2025-11-09 12:14:55,2025-11-11 12:14:55,North,WH_D,UPS,Food,On Time,554.24,612.7,No,3
ORD00356,2026-01-07 21:24:44,2026-01-09 21:24:44,2026-01-19 21:24:44,West,WH_C,FedEx,Clothing,Late,1441.19,742.82,No,2
ORD00357,2026-03-27 10:19:34,2026-03-30 10:19:34,2026-04-05 10:19:34,North,WH_A,DHL,Beauty,Late,1329.51,1190.63,No,3
ORD00358,2026-04-28 15:53:12,2026-04-29 15:53:12,2026-05-09 15:53:12,East,WH_B,USPS,Furniture,Late,462.77,273.8,No,1
ORD00359,2025-11-16 02:41:00,2025-11-18 02:41:00,2025-11-28 02:41:00,Central,WH_B,UPS,Food,Late,317.59,236.44,No,1
ORD00360,2026-01-26 23:29:39,2026-01-28 23:29:39,2026-02-02 23:29:39,North,WH_B,FedEx,Clothing,On Time,1625.23,1950.2,No,4
ORD00361,2026-01-24 11:25:12,2026-01-26 11:25:12,2026-01-31 11:25:12,East,WH_C,DHL,Clothing,On Time,500.18,535.69,No,4
ORD00362,2026-01-10 16:26:32,2026-01-13 16:26:32,2026-01-14 16:26:32,North,WH_C,DHL,Furniture,On Time,936.96,665.61,No,3
ORD00363,2025-12-03 19:42:24,2025-12-06 19:42:24,2025-12-16 19:42:24,Central,WH_B,USPS,Beauty,Late,1479.76,764.01,No,3
ORD00364,2026-03-25 23:26:43,2026-03-26 23:26:43,2026-03-27 23:26:43,East,WH_B,DHL,Food,On Time,919.5,1130.58,No,4
ORD00365,2025-12-01 21:47:25,2025-12-04 21:47:25,2025-12-14 21:47:25,West,WH_B,DHL,Beauty,Late,1830.61,960.79,No,1
ORD00366,2026-04-13 02:43:56,2026-04-15 02:43:56,2026-04-21 02:43:56,East,WH_D,USPS,Food,Late,740.43,970.89,No,2
ORD00367,2025-11-24 15:45:31,2025-11-26 15:45:31,2025-12-02 15:45:31,South,WH_A,USPS,Furniture,Late,614.34,875.97,Yes,2
ORD00368,2026-01-16 13:59:43,2026-01-17 13:59:43,2026-01-22 13:59:43,North,WH_D,UPS,Clothing,On Time,755.63,471.96,No,5
ORD00369,2026-02-16 00:33:39,2026-02-17 00:33:39,2026-02-27 00:33:39,West,WH_C,USPS,Food,Late,525.89,324.59,No,2
ORD00370,2026-04-19 21:22:51,2026-04-20 21:22:51,2026-04-24 21:22:51,West,WH_C,USPS,Food,On Time,970.13,931.36,No,4
ORD00371,2026-01-16 10:24:33,2026-01-17 10:24:33,2026-01-27 10:24:33,Central,WH_A,DHL,Furniture,Late,1391.7,1821.92,No,3
ORD00372,2026-04-05 06:40:27,2026-04-06 06:40:27,2026-04-09 06:40:27,West,WH_C,FedEx,Electronics,On Time,1515.55,2063.76,No,3
ORD00373,2026-04-09 07:11:46,2026-04-12 07:11:46,2026-04-17 07:11:46,East,WH_B,FedEx,Beauty,On Time,1461.57,1455.22,No,4
ORD00374,2025-12-05 19:05:46,2025-12-07 19:05:46,2025-12-11 19:05:46,South,WH_A,DHL,Clothing,On Time,1919.49,2798.08,No,5
ORD00375,2026-05-05 10:14:05,2026-05-08 10:14:05,2026-05-15 10:14:05,Central,WH_A,USPS,Beauty,Late,1185.96,1732.12,Yes,1
ORD00376,2025-12-13 22:23:19,2025-12-16 22:23:19,2025-12-23 22:23:19,South,WH_D,FedEx,Food,Late,744.18,471.6,No,1
ORD00377,2026-03-14 05:42:01,2026-03-17 05:42:01,2026-03-24 05:42:01,East,WH_C,USPS,Clothing,Late,1804.59,1943.89,No,3
ORD00378,2026-01-21 02:17:21,2026-01-22 02:17:21,2026-01-31 02:17:21,West,WH_D,FedEx,Clothing,Late,1451.65,870.59,No,3
ORD00379,2025-12-31 15:43:21,2026-01-02 15:43:21,2026-01-09 15:43:21,North,WH_D,USPS,Furniture,Late,825.68,435.59,No,1
ORD00380,2025-11-24 22:49:58,2025-11-26 22:49:58,2025-12-04 22:49:58,Central,WH_D,UPS,Beauty,Late,799.58,492.4,No,2
ORD00381,2026-02-14 12:07:34,2026-02-15 12:07:34,2026-02-25 12:07:34,Central,WH_B,FedEx,Electronics,Late,1461.97,2008.3,No,2
ORD00382,2026-03-04 03:44:19,2026-03-05 03:44:19,2026-03-10 03:44:19,Central,WH_D,FedEx,Clothing,On Time,315.26,367.84,No,4
ORD00383,2026-02-18 08:03:50,2026-02-21 08:03:50,2026-02-28 08:03:50,East,WH_C,UPS,Food,Late,1499.8,832.88,Yes,3
ORD00384,2025-11-09 05:09:26,2025-11-12 05:09:26,2025-11-19 05:09:26,East,WH_B,FedEx,Electronics,Late,1627.39,995.57,No,1
ORD00385,2026-02-09 20:30:58,2026-02-11 20:30:58,2026-02-20 20:30:58,East,WH_A,DHL,Clothing,Late,1009.86,1275.46,No,3
ORD00386,2026-03-14 16:08:55,2026-03-15 16:08:55,2026-03-18 16:08:55,East,WH_A,FedEx,Clothing,On Time,1831.34,2571.71,No,3
ORD00387,2026-01-25 07:27:49,2026-01-26 07:27:49,2026-01-31 07:27:49,East,WH_A,DHL,Furniture,On Time,674.94,354.21,No,5
ORD00388,2025-11-13 13:26:56,2025-11-15 13:26:56,2025-11-16 13:26:56,South,WH_C,FedEx,Beauty,On Time,1694.41,1629.12,No,3
ORD00389,2026-01-22 22:06:21,2026-01-24 22:06:21,2026-01-27 22:06:21,South,WH_D,FedEx,Furniture,On Time,1199.25,848.69,No,3
ORD00390,2026-04-17 23:51:52,2026-04-18 23:51:52,2026-04-27 23:51:52,East,WH_C,DHL,Electronics,Late,997.72,820.32,No,1
ORD00391,2026-04-15 04:14:25,2026-04-16 04:14:25,2026-04-18 04:14:25,East,WH_B,FedEx,Furniture,On Time,1834.54,2573.46,No,3
ORD00392,2025-12-21 16:23:45,2025-12-23 16:23:45,2026-01-02 16:23:45,East,WH_A,USPS,Electronics,Late,999.6,689.66,No,2
ORD00393,2025-11-14 07:46:58,2025-11-15 07:46:58,2025-11-25 07:46:58,North,WH_C,UPS,Beauty,Late,707.07,443.88,No,1
ORD00394,2025-12-22 06:51:00,2025-12-25 06:51:00,2025-12-27 06:51:00,South,WH_A,UPS,Beauty,On Time,1671.8,2296.66,Yes,5
ORD00395,2025-12-18 20:34:13,2025-12-19 20:34:13,2025-12-29 20:34:13,North,WH_A,UPS,Electronics,Late,663.21,519.81,No,1
ORD00396,2026-05-03 21:13:09,2026-05-04 21:13:09,2026-05-09 21:13:09,Central,WH_B,UPS,Furniture,On Time,815.4,1173.8,Yes,5
ORD00397,2026-03-19 19:38:41,2026-03-20 19:38:41,2026-03-21 19:38:41,West,WH_A,FedEx,Furniture,On Time,1270.68,1356.03,No,4
ORD00398,2026-04-23 11:42:33,2026-04-24 11:42:33,2026-04-29 11:42:33,West,WH_B,FedEx,Electronics,On Time,1505.02,1555.55,No,4
ORD00399,2025-11-07 04:41:08,2025-11-10 04:41:08,2025-11-14 04:41:08,South,WH_C,USPS,Food,On Time,1090.63,700.65,Yes,3
ORD00400,2026-04-21 02:48:05,2026-04-23 02:48:05,2026-04-25 02:48:05,East,WH_A,FedEx,Furniture,On Time,923.95,532.69,Yes,5
ORD00401,2026-01-30 13:24:57,2026-02-01 13:24:57,2026-02-06 13:24:57,South,WH_D,USPS,Beauty,On Time,1889.41,2069.57,No,3
ORD00402,2026-03-01 20:39:20,2026-03-04 20:39:20,2026-03-14 20:39:20,South,WH_D,UPS,Furniture,Late,1532.04,2173.02,No,1
ORD00403,2026-03-24 16:22:13,2026-03-26 16:22:13,2026-03-30 16:22:13,West,WH_D,UPS,Electronics,On Time,1033.34,1138.7,No,4
ORD00404,2025-12-31 16:11:44,2026-01-02 16:11:44,2026-01-05 16:11:44,Central,WH_C,UPS,Food,On Time,1656.72,2455.38,No,3
ORD00405,2026-03-13 05:21:29,2026-03-14 05:21:29,2026-03-15 05:21:29,Central,WH_C,DHL,Clothing,On Time,1820.3,1326.15,No,5
ORD00406,2026-02-25 02:35:21,2026-02-28 02:35:21,2026-03-02 02:35:21,North,WH_B,DHL,Food,On Time,1676.54,888.9,Yes,5
ORD00407,2026-03-15 10:58:13,2026-03-17 10:58:13,2026-03-20 10:58:13,North,WH_A,UPS,Furniture,On Time,1193.79,1365.59,No,3
ORD00408,2025-12-01 01:56:49,2025-12-03 01:56:49,2025-12-06 01:56:49,Central,WH_A,UPS,Clothing,On Time,166.1,233.4,No,3
ORD00409,2026-03-28 22:39:43,2026-03-31 22:39:43,2026-04-08 22:39:43,West,WH_D,FedEx,Clothing,Late,1764.91,1292.5,No,1
ORD00410,2025-12-03 16:33:36,2025-12-04 16:33:36,2025-12-07 16:33:36,South,WH_C,DHL,Furniture,On Time,1644.34,1880.63,Yes,4
ORD00411,2026-01-26 14:12:35,2026-01-28 14:12:35,2026-02-02 14:12:35,Central,WH_A,USPS,Food,On Time,1774.6,2000.27,No,5
ORD00412,2026-02-14 16:48:39,2026-02-17 16:48:39,2026-02-18 16:48:39,North,WH_D,DHL,Beauty,On Time,1656.84,982.6,No,4
ORD00413,2025-11-08 20:50:43,2025-11-10 20:50:43,2025-11-17 20:50:43,Central,WH_B,USPS,Furniture,Late,23.92,31.99,No,3
ORD00414,2026-02-17 05:57:55,2026-02-18 05:57:55,2026-02-23 05:57:55,South,WH_C,UPS,Food,On Time,393.44,543.9,No,3
ORD00415,2025-12-08 10:18:56,2025-12-09 10:18:56,2025-12-15 10:18:56,West,WH_D,DHL,Furniture,Late,1514.28,826.82,No,1
ORD00416,2025-12-12 05:53:41,2025-12-14 05:53:41,2025-12-20 05:53:41,South,WH_D,FedEx,Clothing,Late,1045.45,577.52,No,3
ORD00417,2026-04-13 02:49:13,2026-04-14 02:49:13,2026-04-15 02:49:13,North,WH_D,USPS,Clothing,On Time,1822.29,2299.04,Yes,3
ORD00418,2025-12-20 22:18:01,2025-12-22 22:18:01,2025-12-31 22:18:01,Central,WH_C,UPS,Clothing,Late,1246.61,1448.56,No,1
ORD00419,2025-12-02 12:17:35,2025-12-05 12:17:35,2025-12-10 12:17:35,North,WH_D,UPS,Clothing,On Time,881.75,1059.16,No,4
ORD00420,2026-04-07 12:03:42,2026-04-08 12:03:42,2026-04-15 12:03:42,South,WH_C,DHL,Food,Late,308.91,276.21,No,1
ORD00421,2026-03-07 13:09:58,2026-03-08 13:09:58,2026-03-18 13:09:58,South,WH_A,USPS,Beauty,Late,570.02,630.37,No,1
ORD00422,2026-02-09 11:38:06,2026-02-11 11:38:06,2026-02-21 11:38:06,West,WH_C,DHL,Beauty,Late,1460.78,1732.94,No,1
ORD00423,2026-04-13 18:23:09,2026-04-15 18:23:09,2026-04-22 18:23:09,East,WH_D,FedEx,Furniture,Late,1482.68,2078.07,No,2
ORD00424,2025-12-28 04:24:02,2025-12-30 04:24:02,2026-01-07 04:24:02,Central,WH_B,UPS,Food,Late,1915.76,1862.01,No,3
ORD00425,2026-01-14 11:20:56,2026-01-17 11:20:56,2026-01-20 11:20:56,East,WH_B,DHL,Beauty,On Time,464.81,593.58,No,4
ORD00426,2026-01-17 02:12:09,2026-01-19 02:12:09,2026-01-24 02:12:09,Central,WH_C,FedEx,Electronics,On Time,322.01,434.75,No,3
ORD00427,2026-02-26 09:24:26,2026-03-01 09:24:26,2026-03-08 09:24:26,North,WH_A,USPS,Food,Late,222.4,319.83,No,3
ORD00428,2026-03-17 05:25:05,2026-03-20 05:25:05,2026-03-29 05:25:05,North,WH_B,USPS,Beauty,Late,1989.27,1928.11,No,2
ORD00429,2026-04-09 10:15:33,2026-04-11 10:15:33,2026-04-15 10:15:33,North,WH_C,DHL,Beauty,On Time,242.78,149.74,No,4
ORD00430,2025-11-14 01:39:59,2025-11-17 01:39:59,2025-11-25 01:39:59,North,WH_C,DHL,Furniture,Late,1716.48,861.7,No,3
ORD00431,2026-02-17 11:23:07,2026-02-18 11:23:07,2026-02-22 11:23:07,West,WH_A,FedEx,Electronics,On Time,1683.84,2247.7,No,3
ORD00432,2026-01-10 15:38:04,2026-01-12 15:38:04,2026-01-16 15:38:04,Central,WH_D,UPS,Food,On Time,406.5,305.31,No,5
ORD00433,2025-12-05 07:57:57,2025-12-07 07:57:57,2025-12-10 07:57:57,West,WH_D,USPS,Beauty,On Time,1773.14,2471.96,No,3
ORD00434,2025-12-19 12:08:05,2025-12-22 12:08:05,2025-12-23 12:08:05,East,WH_D,DHL,Beauty,On Time,1986.22,2254.95,No,4
ORD00435,2026-02-23 07:19:30,2026-02-26 07:19:30,2026-03-05 07:19:30,North,WH_A,DHL,Food,Late,1842.27,1414.48,No,3
ORD00436,2026-01-25 06:04:18,2026-01-27 06:04:18,2026-02-06 06:04:18,Central,WH_D,DHL,Clothing,Late,1379.12,1658.43,No,1
ORD00437,2025-12-08 13:58:25,2025-12-09 13:58:25,2025-12-17 13:58:25,Central,WH_B,USPS,Beauty,Late,1721.65,1507.81,No,2
ORD00438,2025-12-03 06:57:11,2025-12-05 06:57:11,2025-12-15 06:57:11,North,WH_B,DHL,Food,Late,1535.35,1460.03,No,2
ORD00439,2026-04-12 01:03:38,2026-04-14 01:03:38,2026-04-22 01:03:38,East,WH_C,USPS,Clothing,Late,1170.45,1314.37,Yes,1
ORD00440,2026-02-03 22:58:28,2026-02-04 22:58:28,2026-02-14 22:58:28,South,WH_B,UPS,Electronics,Late,1164.0,693.62,No,3
ORD00441,2026-04-24 05:57:51,2026-04-27 05:57:51,2026-05-07 05:57:51,North,WH_A,USPS,Food,Late,693.07,426.38,No,1
ORD00442,2026-03-15 12:26:00,2026-03-16 12:26:00,2026-03-20 12:26:00,South,WH_C,FedEx,Furniture,On Time,1572.54,2235.68,No,5
ORD00443,2026-02-14 16:53:37,2026-02-17 16:53:37,2026-02-19 16:53:37,Central,WH_D,UPS,Beauty,On Time,59.44,67.75,No,3
ORD00444,2026-03-06 15:10:31,2026-03-08 15:10:31,2026-03-14 15:10:31,South,WH_D,USPS,Clothing,Late,442.69,389.18,No,2
ORD00445,2026-03-12 20:03:22,2026-03-13 20:03:22,2026-03-17 20:03:22,South,WH_A,USPS,Electronics,On Time,584.64,805.95,No,5
ORD00446,2026-03-17 23:28:06,2026-03-19 23:28:06,2026-03-20 23:28:06,Central,WH_B,UPS,Clothing,On Time,716.05,639.37,No,5
ORD00447,2025-11-26 14:10:19,2025-11-28 14:10:19,2025-12-05 14:10:19,North,WH_C,FedEx,Beauty,Late,425.35,470.75,No,1
ORD00448,2026-04-21 08:32:53,2026-04-24 08:32:53,2026-04-29 08:32:53,South,WH_A,FedEx,Food,On Time,1846.05,1278.29,No,3
ORD00449,2026-04-05 09:57:01,2026-04-06 09:57:01,2026-04-13 09:57:01,East,WH_B,USPS,Clothing,Late,206.51,181.42,No,1
ORD00450,2026-01-25 02:17:28,2026-01-26 02:17:28,2026-01-31 02:17:28,East,WH_C,USPS,Beauty,On Time,380.87,341.45,No,5
ORD00451,2026-02-03 11:48:10,2026-02-04 11:48:10,2026-02-10 11:48:10,North,WH_C,UPS,Electronics,Late,320.48,319.24,No,1
ORD00452,2026-01-04 15:14:57,2026-01-07 15:14:57,2026-01-16 15:14:57,North,WH_B,USPS,Clothing,Late,1385.31,1560.39,No,3
ORD00453,2026-02-26 08:02:25,2026-03-01 08:02:25,2026-03-10 08:02:25,Central,WH_B,USPS,Furniture,Late,582.44,373.49,No,1
ORD00454,2026-05-03 11:21:38,2026-05-04 11:21:38,2026-05-14 11:21:38,West,WH_A,USPS,Furniture,Late,366.21,523.13,No,3
ORD00455,2026-01-08 22:03:52,2026-01-10 22:03:52,2026-01-16 22:03:52,West,WH_A,UPS,Furniture,Late,1866.79,1780.65,No,1
ORD00456,2026-01-16 22:02:03,2026-01-18 22:02:03,2026-01-25 22:02:03,North,WH_B,FedEx,Electronics,Late,937.77,640.79,No,2
ORD00457,2026-02-26 17:00:02,2026-02-27 17:00:02,2026-02-28 17:00:02,North,WH_A,USPS,Food,On Time,96.02,122.63,No,3
ORD00458,2026-03-03 17:15:52,2026-03-06 17:15:52,2026-03-11 17:15:52,West,WH_D,USPS,Furniture,On Time,1338.37,1658.0,No,4
ORD00459,2026-04-15 12:47:59,2026-04-18 12:47:59,2026-04-20 12:47:59,South,WH_A,DHL,Furniture,On Time,1642.47,1040.63,No,4
ORD00460,2026-01-13 22:41:50,2026-01-16 22:41:50,2026-01-23 22:41:50,South,WH_D,UPS,Electronics,Late,164.84,131.51,Yes,1
ORD00461,2026-03-28 13:09:08,2026-03-31 13:09:08,2026-04-06 13:09:08,West,WH_A,DHL,Furniture,Late,200.14,188.87,No,1
ORD00462,2026-01-05 14:39:53,2026-01-07 14:39:53,2026-01-09 14:39:53,South,WH_A,DHL,Clothing,On Time,1163.59,906.42,Yes,3
ORD00463,2025-11-15 06:49:12,2025-11-18 06:49:12,2025-11-27 06:49:12,West,WH_A,DHL,Food,Late,1153.81,930.92,No,1
ORD00464,2025-11-21 13:15:05,2025-11-23 13:15:05,2025-11-25 13:15:05,East,WH_D,DHL,Beauty,On Time,1586.83,1909.52,No,3
ORD00465,2026-01-26 12:49:34,2026-01-29 12:49:34,2026-02-05 12:49:34,East,WH_A,USPS,Clothing,Late,51.45,57.32,No,1
ORD00466,2026-02-27 01:11:58,2026-03-01 01:11:58,2026-03-05 01:11:58,East,WH_D,DHL,Food,On Time,461.7,368.4,No,5
ORD00467,2025-12-26 15:58:45,2025-12-27 15:58:45,2025-12-29 15:58:45,East,WH_C,UPS,Electronics,On Time,1171.63,1030.94,No,3
ORD00468,2025-11-09 00:07:03,2025-11-10 00:07:03,2025-11-20 00:07:03,West,WH_C,FedEx,Electronics,Late,366.63,308.45,No,2
ORD00469,2026-02-24 22:50:32,2026-02-27 22:50:32,2026-03-07 22:50:32,West,WH_A,FedEx,Beauty,Late,212.53,297.47,No,2
ORD00470,2026-05-04 08:03:11,2026-05-07 08:03:11,2026-05-08 08:03:11,North,WH_A,UPS,Beauty,On Time,1806.73,2494.47,No,4
ORD00471,2026-01-04 06:29:17,2026-01-05 06:29:17,2026-01-11 06:29:17,East,WH_B,DHL,Furniture,Late,851.11,705.03,No,3
ORD00472,2026-02-06 19:27:10,2026-02-08 19:27:10,2026-02-11 19:27:10,East,WH_C,UPS,Beauty,On Time,1372.04,730.09,No,3
ORD00473,2025-11-22 00:02:11,2025-11-23 00:02:11,2025-12-03 00:02:11,East,WH_D,UPS,Food,Late,738.08,665.52,No,1
ORD00474,2026-03-18 19:09:13,2026-03-21 19:09:13,2026-03-27 19:09:13,West,WH_C,FedEx,Clothing,Late,451.02,638.61,No,2
ORD00475,2025-11-15 21:30:50,2025-11-16 21:30:50,2025-11-25 21:30:50,West,WH_B,UPS,Electronics,Late,23.19,14.22,No,3
ORD00476,2026-03-10 22:07:19,2026-03-12 22:07:19,2026-03-21 22:07:19,East,WH_D,FedEx,Beauty,Late,758.25,512.23,No,2
ORD00477,2025-12-15 23:40:05,2025-12-18 23:40:05,2025-12-22 23:40:05,South,WH_C,USPS,Clothing,On Time,502.11,354.85,No,5
ORD00478,2026-03-10 15:47:40,2026-03-13 15:47:40,2026-03-20 15:47:40,East,WH_B,FedEx,Food,Late,1594.76,1059.29,No,2
ORD00479,2026-01-20 21:50:06,2026-01-22 21:50:06,2026-01-25 21:50:06,North,WH_C,USPS,Beauty,On Time,1848.03,2771.31,No,4
ORD00480,2025-11-13 09:56:59,2025-11-16 09:56:59,2025-11-20 09:56:59,South,WH_D,USPS,Furniture,On Time,1034.91,593.53,Yes,4
ORD00481,2026-03-04 23:33:06,2026-03-05 23:33:06,2026-03-07 23:33:06,North,WH_A,USPS,Furniture,On Time,1911.73,2670.89,No,3
ORD00482,2025-11-26 16:39:08,2025-11-27 16:39:08,2025-11-30 16:39:08,East,WH_C,DHL,Clothing,On Time,1001.23,538.06,No,3
ORD00483,2025-12-21 07:05:37,2025-12-22 07:05:37,2025-12-28 07:05:37,North,WH_D,DHL,Furniture,Late,1590.03,1992.14,No,3
ORD00484,2026-04-21 18:13:14,2026-04-22 18:13:14,2026-05-02 18:13:14,East,WH_D,USPS,Furniture,Late,1038.01,1551.09,Yes,1
ORD00485,2026-04-23 10:15:37,2026-04-25 10:15:37,2026-04-26 10:15:37,East,WH_A,DHL,Clothing,On Time,584.91,695.56,No,5
ORD00486,2025-12-23 06:45:36,2025-12-25 06:45:36,2025-12-31 06:45:36,South,WH_D,FedEx,Clothing,Late,327.57,187.42,No,1
ORD00487,2026-01-09 10:58:20,2026-01-11 10:58:20,2026-01-14 10:58:20,East,WH_C,UPS,Furniture,On Time,1603.14,1724.57,No,3
ORD00488,2026-04-21 20:27:26,2026-04-22 20:27:26,2026-04-28 20:27:26,West,WH_C,USPS,Food,Late,1414.35,1334.43,No,1
ORD00489,2025-11-29 10:27:18,2025-11-30 10:27:18,2025-12-04 10:27:18,South,WH_A,FedEx,Electronics,On Time,167.36,91.59,No,5
ORD00490,2026-03-02 17:30:19,2026-03-04 17:30:19,2026-03-05 17:30:19,North,WH_B,USPS,Food,On Time,1751.22,1031.03,No,5
ORD00491,2026-04-18 13:26:59,2026-04-19 13:26:59,2026-04-20 13:26:59,South,WH_D,DHL,Electronics,On Time,501.83,625.13,No,3
ORD00492,2026-02-09 05:15:20,2026-02-11 05:15:20,2026-02-16 05:15:20,North,WH_C,USPS,Furniture,On Time,1044.33,1061.56,No,4
ORD00493,2025-12-18 10:17:19,2025-12-21 10:17:19,2025-12-27 10:17:19,West,WH_B,FedEx,Food,Late,977.57,1028.97,No,3
ORD00494,2025-12-17 01:12:37,2025-12-19 01:12:37,2025-12-22 01:12:37,North,WH_B,FedEx,Beauty,On Time,1116.79,748.92,No,5
ORD00495,2026-03-11 01:54:14,2026-03-14 01:54:14,2026-03-20 01:54:14,East,WH_D,FedEx,Electronics,Late,1218.65,1747.63,No,3
ORD00496,2026-04-05 13:57:41,2026-04-08 13:57:41,2026-04-13 13:57:41,West,WH_B,FedEx,Food,On Time,1654.7,1588.96,No,3
ORD00497,2026-04-06 16:00:53,2026-04-08 16:00:53,2026-04-14 16:00:53,West,WH_B,FedEx,Furniture,Late,568.13,793.6,No,1
ORD00498,2026-01-29 20:28:21,2026-01-31 20:28:21,2026-02-02 20:28:21,West,WH_C,UPS,Electronics,On Time,113.74,123.83,Yes,3
ORD00499,2026-02-08 23:14:25,2026-02-10 23:14:25,2026-02-16 23:14:25,Central,WH_D,UPS,Furniture,Late,455.04,463.37,Yes,2
ORD00500,2025-11-25 21:22:17,2025-11-27 21:22:17,2025-12-01 21:22:17,West,WH_C,USPS,Furniture,On Time,35.73,23.74,No,3
ORD00501,2026-04-01 10:49:36,2026-04-04 10:49:36,2026-04-05 10:49:36,South,WH_D,UPS,Food,On Time,575.28,666.3,No,5
ORD00502,2025-12-30 20:32:34,2026-01-01 20:32:34,2026-01-07 20:32:34,South,WH_C,FedEx,Electronics,Late,1285.1,1924.91,No,2
ORD00503,2026-02-22 20:41:15,2026-02-24 20:41:15,2026-03-02 20:41:15,East,WH_B,UPS,Food,Late,765.79,406.54,No,3
ORD00504,2026-04-15 08:14:10,2026-04-18 08:14:10,2026-04-27 08:14:10,North,WH_A,DHL,Beauty,Late,887.7,826.19,No,2
ORD00505,2025-12-07 03:16:28,2025-12-09 03:16:28,2025-12-14 03:16:28,South,WH_A,USPS,Electronics,On Time,1995.29,1203.77,No,3
ORD00506,2026-04-05 05:28:42,2026-04-07 05:28:42,2026-04-11 05:28:42,Central,WH_A,USPS,Clothing,On Time,1444.9,1748.94,No,5
ORD00507,2026-02-04 18:25:57,2026-02-07 18:25:57,2026-02-17 18:25:57,East,WH_C,FedEx,Furniture,Late,845.94,1168.12,No,1
ORD00508,2026-02-07 13:59:05,2026-02-08 13:59:05,2026-02-12 13:59:05,West,WH_A,DHL,Beauty,On Time,576.06,652.66,No,5
ORD00509,2026-03-29 02:18:14,2026-04-01 02:18:14,2026-04-03 02:18:14,West,WH_C,FedEx,Food,On Time,845.98,433.16,Yes,5
ORD00510,2026-02-02 13:37:38,2026-02-05 13:37:38,2026-02-12 13:37:38,East,WH_A,FedEx,Electronics,Late,183.35,257.21,No,1
ORD00511,2026-01-29 10:54:03,2026-01-30 10:54:03,2026-02-08 10:54:03,West,WH_D,UPS,Furniture,Late,255.07,133.19,No,2
ORD00512,2026-04-29 16:30:37,2026-04-30 16:30:37,2026-05-03 16:30:37,East,WH_A,USPS,Beauty,On Time,1839.26,2511.02,No,5
ORD00513,2026-04-18 13:55:01,2026-04-19 13:55:01,2026-04-29 13:55:01,South,WH_B,UPS,Electronics,Late,1395.59,1675.42,No,3
ORD00514,2026-02-23 11:09:50,2026-02-26 11:09:50,2026-03-03 11:09:50,West,WH_D,FedEx,Furniture,On Time,1801.11,2161.47,No,4
ORD00515,2026-01-30 06:17:20,2026-02-01 06:17:20,2026-02-06 06:17:20,West,WH_A,DHL,Food,On Time,976.55,1349.66,No,4
ORD00516,2026-04-07 17:05:01,2026-04-09 17:05:01,2026-04-17 17:05:01,South,WH_A,UPS,Clothing,Late,688.05,808.77,No,1
ORD00517,2025-12-11 05:03:38,2025-12-13 05:03:38,2025-12-21 05:03:38,South,WH_C,USPS,Electronics,Late,1440.1,1725.95,No,3
ORD00518,2025-12-30 18:40:24,2026-01-01 18:40:24,2026-01-05 18:40:24,North,WH_C,UPS,Furniture,On Time,918.16,809.17,No,3
ORD00519,2026-01-27 18:09:35,2026-01-30 18:09:35,2026-02-01 18:09:35,West,WH_C,FedEx,Clothing,On Time,1407.77,1740.46,Yes,4
ORD00520,2026-02-10 03:24:04,2026-02-12 03:24:04,2026-02-20 03:24:04,South,WH_D,DHL,Food,Late,916.3,1342.59,No,1
ORD00521,2026-01-18 03:20:36,2026-01-19 03:20:36,2026-01-25 03:20:36,East,WH_D,UPS,Beauty,Late,1297.22,948.2,No,2
ORD00522,2026-03-18 02:07:31,2026-03-19 02:07:31,2026-03-20 02:07:31,Central,WH_D,FedEx,Electronics,On Time,1528.69,2105.67,No,3
ORD00523,2026-01-02 16:48:13,2026-01-05 16:48:13,2026-01-10 16:48:13,Central,WH_D,DHL,Beauty,On Time,66.43,98.7,No,3
ORD00524,2025-11-27 09:29:31,2025-11-30 09:29:31,2025-12-07 09:29:31,Central,WH_B,DHL,Food,Late,1300.93,1248.72,No,3
ORD00525,2026-01-26 03:03:16,2026-01-27 03:03:16,2026-01-28 03:03:16,Central,WH_A,USPS,Furniture,On Time,990.76,1231.22,No,4
ORD00526,2026-04-09 14:46:36,2026-04-12 14:46:36,2026-04-16 14:46:36,West,WH_B,USPS,Food,On Time,467.04,324.58,No,5
ORD00527,2025-12-12 01:40:06,2025-12-15 01:40:06,2025-12-20 01:40:06,South,WH_D,UPS,Clothing,On Time,1369.94,1771.69,Yes,5
ORD00528,2026-02-10 01:49:55,2026-02-12 01:49:55,2026-02-13 01:49:55,West,WH_C,DHL,Clothing,On Time,1016.82,1522.08,No,3
ORD00529,2026-02-19 06:02:23,2026-02-21 06:02:23,2026-02-26 06:02:23,East,WH_A,USPS,Beauty,On Time,19.74,20.45,No,3
ORD00530,2026-03-20 19:08:03,2026-03-23 19:08:03,2026-04-02 19:08:03,South,WH_A,USPS,Beauty,Late,354.45,396.24,No,1
ORD00531,2026-03-23 03:18:22,2026-03-26 03:18:22,2026-03-30 03:18:22,North,WH_C,USPS,Beauty,On Time,781.66,555.19,No,5
ORD00532,2026-03-27 08:29:03,2026-03-30 08:29:03,2026-04-09 08:29:03,South,WH_D,UPS,Beauty,Late,781.9,668.41,No,1
ORD00533,2025-12-22 04:15:10,2025-12-25 04:15:10,2025-12-31 04:15:10,Central,WH_B,DHL,Furniture,Late,1546.15,991.15,No,3
ORD00534,2026-03-10 15:51:01,2026-03-12 15:51:01,2026-03-21 15:51:01,West,WH_D,USPS,Clothing,Late,707.89,1012.2,No,1
ORD00535,2026-02-12 11:00:23,2026-02-14 11:00:23,2026-02-24 11:00:23,Central,WH_C,USPS,Beauty,Late,1117.0,888.58,No,3
ORD00536,2026-03-08 23:12:28,2026-03-11 23:12:28,2026-03-12 23:12:28,East,WH_B,DHL,Food,On Time,222.73,294.81,No,3
ORD00537,2026-03-09 05:05:13,2026-03-12 05:05:13,2026-03-13 05:05:13,North,WH_C,FedEx,Electronics,On Time,804.27,1166.33,No,4
ORD00538,2026-04-27 07:33:26,2026-04-28 07:33:26,2026-05-06 07:33:26,West,WH_D,DHL,Clothing,Late,1508.34,1176.44,No,2
ORD00539,2025-12-09 12:46:15,2025-12-10 12:46:15,2025-12-17 12:46:15,North,WH_C,UPS,Furniture,Late,31.07,35.08,No,1
ORD00540,2025-11-18 15:43:05,2025-11-19 15:43:05,2025-11-20 15:43:05,Central,WH_C,UPS,Beauty,On Time,849.58,956.61,No,5
ORD00541,2026-03-29 17:58:57,2026-03-30 17:58:57,2026-04-03 17:58:57,North,WH_A,FedEx,Clothing,On Time,330.92,473.07,No,3
ORD00542,2026-04-14 05:47:31,2026-04-15 05:47:31,2026-04-20 05:47:31,Central,WH_D,USPS,Electronics,On Time,428.64,486.53,No,4
ORD00543,2025-12-23 11:41:52,2025-12-24 11:41:52,2025-12-29 11:41:52,East,WH_D,FedEx,Electronics,On Time,1257.76,1506.44,No,3
ORD00544,2026-01-03 09:10:49,2026-01-04 09:10:49,2026-01-07 09:10:49,Central,WH_B,USPS,Clothing,On Time,1576.58,1194.25,No,4
ORD00545,2026-02-23 01:27:37,2026-02-25 01:27:37,2026-03-04 01:27:37,North,WH_D,FedEx,Beauty,Late,1044.31,796.62,Yes,3
ORD00546,2026-01-04 16:04:32,2026-01-07 16:04:32,2026-01-13 16:04:32,Central,WH_D,FedEx,Clothing,Late,449.36,267.56,No,2
ORD00547,2026-04-13 07:53:33,2026-04-16 07:53:33,2026-04-21 07:53:33,North,WH_A,FedEx,Electronics,On Time,424.98,292.1,Yes,5
ORD00548,2025-11-24 12:10:55,2025-11-27 12:10:55,2025-11-28 12:10:55,South,WH_B,FedEx,Furniture,On Time,1814.76,2427.45,No,5
ORD00549,2026-03-25 13:07:22,2026-03-27 13:07:22,2026-03-31 13:07:22,Central,WH_D,DHL,Electronics,On Time,316.67,390.25,No,3
ORD00550,2026-01-20 04:57:00,2026-01-23 04:57:00,2026-01-24 04:57:00,West,WH_D,FedEx,Beauty,On Time,401.84,590.94,No,3
ORD00551,2026-03-07 05:56:27,2026-03-10 05:56:27,2026-03-19 05:56:27,East,WH_A,DHL,Clothing,Late,984.6,1458.88,No,2
ORD00552,2026-03-07 20:42:43,2026-03-08 20:42:43,2026-03-15 20:42:43,East,WH_B,FedEx,Clothing,Late,1401.01,736.55,No,3
ORD00553,2026-04-14 04:09:06,2026-04-15 04:09:06,2026-04-20 04:09:06,North,WH_D,USPS,Clothing,On Time,930.44,1368.37,No,3
ORD00554,2025-12-16 16:47:45,2025-12-17 16:47:45,2025-12-20 16:47:45,East,WH_D,UPS,Beauty,On Time,1095.78,1090.15,No,3
ORD00555,2025-11-10 05:47:22,2025-11-12 05:47:22,2025-11-16 05:47:22,East,WH_A,USPS,Furniture,On Time,1874.93,1758.04,No,4
ORD00556,2026-04-19 05:33:54,2026-04-20 05:33:54,2026-04-23 05:33:54,East,WH_A,FedEx,Food,On Time,1319.26,1118.08,No,5
ORD00557,2026-04-29 14:38:24,2026-05-02 14:38:24,2026-05-06 14:38:24,North,WH_B,DHL,Electronics,On Time,449.12,582.7,Yes,3
ORD00558,2025-11-10 09:16:11,2025-11-11 09:16:11,2025-11-16 09:16:11,West,WH_B,DHL,Clothing,On Time,1586.85,1228.97,No,4
ORD00559,2026-01-04 18:31:53,2026-01-05 18:31:53,2026-01-07 18:31:53,North,WH_C,FedEx,Furniture,On Time,1164.39,1077.05,No,4
ORD00560,2025-11-18 02:34:07,2025-11-19 02:34:07,2025-11-27 02:34:07,East,WH_C,USPS,Beauty,Late,1705.49,1303.88,Yes,3
ORD00561,2026-01-26 21:01:11,2026-01-29 21:01:11,2026-02-07 21:01:11,East,WH_A,UPS,Furniture,Late,392.22,385.52,No,3
ORD00562,2026-02-03 17:17:16,2026-02-06 17:17:16,2026-02-08 17:17:16,Central,WH_D,FedEx,Clothing,On Time,1403.81,1746.2,Yes,5
ORD00563,2026-03-14 12:19:39,2026-03-15 12:19:39,2026-03-21 12:19:39,North,WH_B,USPS,Electronics,Late,1379.01,1985.81,No,2
ORD00564,2026-02-07 01:49:18,2026-02-09 01:49:18,2026-02-18 01:49:18,Central,WH_D,USPS,Electronics,Late,1868.81,1884.82,No,2
ORD00565,2026-02-16 23:47:26,2026-02-18 23:47:26,2026-02-26 23:47:26,East,WH_A,USPS,Beauty,Late,1268.27,1026.42,No,1
ORD00566,2026-05-01 23:00:03,2026-05-03 23:00:03,2026-05-07 23:00:03,North,WH_A,USPS,Clothing,On Time,1566.53,1639.21,No,5
ORD00567,2025-11-06 06:56:09,2025-11-07 06:56:09,2025-11-16 06:56:09,East,WH_A,FedEx,Beauty,Late,1046.21,786.32,No,2
ORD00568,2025-11-17 14:22:45,2025-11-18 14:22:45,2025-11-24 14:22:45,East,WH_D,FedEx,Food,Late,735.28,480.68,No,3
ORD00569,2026-03-22 05:34:19,2026-03-25 05:34:19,2026-03-29 05:34:19,East,WH_A,DHL,Electronics,On Time,1206.17,1770.45,No,5
ORD00570,2026-03-17 07:23:08,2026-03-20 07:23:08,2026-03-30 07:23:08,South,WH_B,DHL,Clothing,Late,1173.81,1435.32,No,1
ORD00571,2026-01-04 17:03:23,2026-01-07 17:03:23,2026-01-16 17:03:23,East,WH_A,UPS,Food,Late,358.81,280.29,No,3
ORD00572,2026-02-21 18:00:03,2026-02-24 18:00:03,2026-03-02 18:00:03,Central,WH_A,USPS,Electronics,Late,673.9,729.53,No,3
ORD00573,2026-01-27 04:33:59,2026-01-29 04:33:59,2026-02-08 04:33:59,North,WH_A,DHL,Electronics,Late,1735.62,1500.06,No,3
ORD00574,2026-01-24 00:58:18,2026-01-25 00:58:18,2026-02-01 00:58:18,South,WH_A,DHL,Clothing,Late,1322.64,1951.62,No,3
ORD00575,2025-12-02 04:48:19,2025-12-05 04:48:19,2025-12-06 04:48:19,West,WH_A,UPS,Furniture,On Time,60.11,59.58,No,3
ORD00576,2026-02-24 11:50:21,2026-02-26 11:50:21,2026-03-07 11:50:21,North,WH_B,DHL,Furniture,Late,1205.21,1414.44,No,2
ORD00577,2026-01-01 17:29:56,2026-01-03 17:29:56,2026-01-12 17:29:56,East,WH_B,USPS,Furniture,Late,166.77,85.57,No,3
ORD00578,2025-12-20 17:54:01,2025-12-22 17:54:01,2025-12-26 17:54:01,Central,WH_D,FedEx,Electronics,On Time,1877.22,2801.98,No,5
ORD00579,2026-03-25 22:18:26,2026-03-26 22:18:26,2026-04-02 22:18:26,North,WH_A,DHL,Beauty,Late,1805.5,1105.77,No,2
ORD00580,2026-01-25 13:25:58,2026-01-28 13:25:58,2026-01-31 13:25:58,North,WH_C,FedEx,Beauty,On Time,380.01,299.18,No,3
ORD00581,2026-04-29 16:18:31,2026-04-30 16:18:31,2026-05-06 16:18:31,South,WH_A,FedEx,Electronics,Late,897.48,888.05,No,2
ORD00582,2025-12-10 13:46:44,2025-12-11 13:46:44,2025-12-17 13:46:44,Central,WH_C,FedEx,Electronics,Late,1656.43,1275.1,No,1
ORD00583,2025-11-08 12:36:48,2025-11-11 12:36:48,2025-11-20 12:36:48,East,WH_D,DHL,Clothing,Late,1071.49,555.88,No,2
ORD00584,2025-11-24 21:59:01,2025-11-27 21:59:01,2025-12-07 21:59:01,West,WH_C,FedEx,Clothing,Late,1191.72,979.56,No,2
ORD00585,2026-02-23 15:36:15,2026-02-25 15:36:15,2026-02-28 15:36:15,South,WH_B,DHL,Electronics,On Time,1872.04,2292.47,No,3
ORD00586,2026-03-16 19:57:20,2026-03-17 19:57:20,2026-03-20 19:57:20,South,WH_D,UPS,Beauty,On Time,69.28,54.73,No,5
ORD00587,2026-04-09 08:06:10,2026-04-10 08:06:10,2026-04-17 08:06:10,Central,WH_A,DHL,Furniture,Late,1096.16,1271.59,No,2
ORD00588,2026-04-03 09:31:49,2026-04-04 09:31:49,2026-04-14 09:31:49,Central,WH_D,UPS,Clothing,Late,88.97,64.52,No,1
ORD00589,2025-11-23 14:48:52,2025-11-24 14:48:52,2025-11-26 14:48:52,North,WH_B,USPS,Electronics,On Time,1694.42,1390.77,No,4
ORD00590,2025-12-18 01:10:15,2025-12-21 01:10:15,2025-12-23 01:10:15,West,WH_D,DHL,Beauty,On Time,520.12,652.46,No,5
ORD00591,2025-12-14 21:50:27,2025-12-17 21:50:27,2025-12-19 21:50:27,North,WH_D,DHL,Beauty,On Time,165.72,182.21,No,3
ORD00592,2026-01-07 13:41:53,2026-01-08 13:41:53,2026-01-17 13:41:53,East,WH_A,USPS,Beauty,Late,1775.26,2485.56,No,2
ORD00593,2026-03-15 19:46:39,2026-03-16 19:46:39,2026-03-18 19:46:39,Central,WH_D,UPS,Furniture,On Time,157.14,228.86,No,4
ORD00594,2026-01-10 05:05:35,2026-01-13 05:05:35,2026-01-14 05:05:35,North,WH_B,DHL,Electronics,On Time,97.87,72.16,Yes,4
ORD00595,2026-04-22 03:55:47,2026-04-25 03:55:47,2026-05-05 03:55:47,North,WH_C,UPS,Electronics,Late,828.35,470.57,No,1
ORD00596,2026-04-28 06:41:03,2026-04-30 06:41:03,2026-05-07 06:41:03,Central,WH_C,DHL,Beauty,Late,858.54,722.41,No,1
ORD00597,2026-02-21 18:05:45,2026-02-22 18:05:45,2026-03-01 18:05:45,West,WH_A,UPS,Furniture,Late,587.68,409.15,No,3
ORD00598,2025-11-13 22:36:17,2025-11-14 22:36:17,2025-11-23 22:36:17,West,WH_C,DHL,Electronics,Late,890.78,1295.23,No,1
ORD00599,2025-11-21 00:48:42,2025-11-24 00:48:42,2025-12-03 00:48:42,West,WH_C,USPS,Furniture,Late,1786.99,2652.08,No,2
ORD00600,2026-04-15 00:47:51,2026-04-17 00:47:51,2026-04-27 00:47:51,North,WH_D,FedEx,Clothing,Late,1050.29,797.36,No,3
ORD00601,2025-12-06 14:40:53,2025-12-07 14:40:53,2025-12-14 14:40:53,North,WH_B,UPS,Electronics,Late,1693.68,1421.37,No,3
ORD00602,2026-01-12 16:35:10,2026-01-15 16:35:10,2026-01-23 16:35:10,South,WH_C,UPS,Electronics,Late,1652.47,1128.87,No,2
ORD00603,2026-03-16 16:26:55,2026-03-19 16:26:55,2026-03-22 16:26:55,West,WH_A,UPS,Food,On Time,210.02,122.97,Yes,3
ORD00604,2026-02-18 02:11:56,2026-02-21 02:11:56,2026-03-02 02:11:56,East,WH_C,DHL,Beauty,Late,148.37,177.46,Yes,1
ORD00605,2025-12-21 23:50:29,2025-12-24 23:50:29,2025-12-25 23:50:29,North,WH_A,FedEx,Furniture,On Time,1466.26,1541.56,No,4
ORD00606,2026-03-15 02:06:23,2026-03-16 02:06:23,2026-03-17 02:06:23,West,WH_C,DHL,Clothing,On Time,1808.04,2202.93,No,5
ORD00607,2026-04-01 03:23:50,2026-04-02 03:23:50,2026-04-10 03:23:50,Central,WH_D,DHL,Furniture,Late,111.78,60.19,No,3
ORD00608,2025-12-06 03:44:04,2025-12-07 03:44:04,2025-12-13 03:44:04,Central,WH_B,DHL,Food,Late,1045.31,1376.68,No,2
ORD00609,2026-01-20 10:29:33,2026-01-23 10:29:33,2026-01-27 10:29:33,South,WH_B,FedEx,Electronics,On Time,632.8,813.43,No,5
ORD00610,2025-11-14 21:02:38,2025-11-17 21:02:38,2025-11-20 21:02:38,North,WH_B,DHL,Clothing,On Time,1212.69,1070.28,No,5
ORD00611,2026-05-04 06:10:21,2026-05-06 06:10:21,2026-05-11 06:10:21,Central,WH_D,DHL,Electronics,On Time,1533.41,1900.81,No,4
ORD00612,2026-03-21 22:01:55,2026-03-22 22:01:55,2026-03-23 22:01:55,Central,WH_D,USPS,Clothing,On Time,1361.49,1257.08,No,4
ORD00613,2026-04-21 21:12:55,2026-04-23 21:12:55,2026-04-28 21:12:55,North,WH_A,FedEx,Beauty,On Time,1389.26,2080.87,No,3
ORD00614,2026-03-14 19:33:46,2026-03-17 19:33:46,2026-03-20 19:33:46,South,WH_C,USPS,Furniture,On Time,208.29,192.74,No,5
ORD00615,2025-12-31 07:53:12,2026-01-03 07:53:12,2026-01-07 07:53:12,West,WH_A,FedEx,Electronics,On Time,868.12,485.48,No,4
ORD00616,2026-04-12 17:47:43,2026-04-14 17:47:43,2026-04-18 17:47:43,West,WH_A,FedEx,Electronics,On Time,105.87,99.11,No,3
ORD00617,2025-12-10 12:15:14,2025-12-12 12:15:14,2025-12-14 12:15:14,Central,WH_A,UPS,Electronics,On Time,707.82,694.36,No,4
ORD00618,2026-04-19 09:53:13,2026-04-21 09:53:13,2026-04-27 09:53:13,East,WH_B,UPS,Food,Late,94.39,62.1,No,2
ORD00619,2025-12-07 23:54:12,2025-12-09 23:54:12,2025-12-14 23:54:12,Central,WH_D,FedEx,Clothing,On Time,1051.26,1474.9,No,3
ORD00620,2026-03-13 10:18:22,2026-03-14 10:18:22,2026-03-21 10:18:22,West,WH_B,USPS,Food,Late,786.77,507.17,No,3
ORD00621,2026-02-26 03:35:52,2026-02-27 03:35:52,2026-03-08 03:35:52,East,WH_A,USPS,Clothing,Late,750.21,948.2,No,2
ORD00622,2026-03-28 23:40:46,2026-03-29 23:40:46,2026-04-02 23:40:46,South,WH_C,UPS,Food,On Time,1391.52,1448.98,No,4
ORD00623,2026-04-30 21:36:18,2026-05-01 21:36:18,2026-05-09 21:36:18,West,WH_D,UPS,Furniture,Late,1747.76,1875.9,No,3
ORD00624,2025-11-09 20:15:52,2025-11-10 20:15:52,2025-11-15 20:15:52,West,WH_B,DHL,Clothing,On Time,891.33,1001.39,Yes,5
ORD00625,2025-11-29 08:40:01,2025-11-30 08:40:01,2025-12-04 08:40:01,East,WH_A,DHL,Furniture,On Time,327.68,210.43,No,3
ORD00626,2026-02-21 07:07:07,2026-02-22 07:07:07,2026-03-03 07:07:07,West,WH_D,USPS,Food,Late,920.3,1135.67,No,2
ORD00627,2026-01-15 18:47:55,2026-01-18 18:47:55,2026-01-24 18:47:55,Central,WH_D,FedEx,Furniture,Late,1569.47,983.63,No,1
ORD00628,2026-01-07 12:56:57,2026-01-08 12:56:57,2026-01-10 12:56:57,East,WH_B,USPS,Clothing,On Time,276.35,226.52,No,3
ORD00629,2026-03-24 18:09:03,2026-03-27 18:09:03,2026-04-04 18:09:03,South,WH_B,UPS,Electronics,Late,1280.37,916.95,No,3
ORD00630,2026-04-17 05:07:57,2026-04-20 05:07:57,2026-04-26 05:07:57,Central,WH_C,DHL,Electronics,Late,137.22,117.55,No,2
ORD00631,2026-04-30 12:32:16,2026-05-02 12:32:16,2026-05-06 12:32:16,East,WH_B,UPS,Food,On Time,792.38,469.51,No,5
ORD00632,2026-02-17 09:28:49,2026-02-20 09:28:49,2026-02-24 09:28:49,Central,WH_B,DHL,Food,On Time,585.61,483.52,No,4
ORD00633,2026-04-19 09:01:57,2026-04-20 09:01:57,2026-04-29 09:01:57,East,WH_D,UPS,Beauty,Late,863.29,682.49,Yes,1
ORD00634,2026-01-15 17:51:45,2026-01-18 17:51:45,2026-01-22 17:51:45,North,WH_D,UPS,Beauty,On Time,741.5,814.12,No,4
ORD00635,2026-03-19 13:03:10,2026-03-22 13:03:10,2026-03-25 13:03:10,West,WH_D,UPS,Furniture,On Time,1467.48,1695.22,No,4
ORD00636,2026-04-09 06:11:00,2026-04-11 06:11:00,2026-04-20 06:11:00,Central,WH_A,USPS,Clothing,Late,1934.96,1621.74,No,2
ORD00637,2025-12-16 19:18:20,2025-12-17 19:18:20,2025-12-19 19:18:20,North,WH_D,USPS,Furniture,On Time,162.52,120.23,No,5
ORD00638,2025-12-02 06:04:33,2025-12-03 06:04:33,2025-12-06 06:04:33,South,WH_B,DHL,Beauty,On Time,1484.55,1476.12,No,4
ORD00639,2026-01-19 07:03:52,2026-01-21 07:03:52,2026-01-30 07:03:52,North,WH_C,USPS,Furniture,Late,1609.7,2170.19,No,1
ORD00640,2026-03-15 08:03:27,2026-03-17 08:03:27,2026-03-27 08:03:27,West,WH_A,UPS,Beauty,Late,1066.31,1367.07,No,2
ORD00641,2025-12-27 18:36:34,2025-12-30 18:36:34,2026-01-03 18:36:34,North,WH_B,FedEx,Furniture,On Time,564.22,654.16,No,3
ORD00642,2026-02-11 11:15:12,2026-02-14 11:15:12,2026-02-15 11:15:12,East,WH_B,USPS,Food,On Time,1680.32,2232.46,No,5
ORD00643,2026-03-09 19:57:20,2026-03-10 19:57:20,2026-03-14 19:57:20,North,WH_C,UPS,Electronics,On Time,452.79,480.32,No,5
ORD00644,2026-03-23 16:42:33,2026-03-26 16:42:33,2026-04-05 16:42:33,Central,WH_A,DHL,Furniture,Late,1506.29,2010.73,No,3
ORD00645,2026-03-08 03:28:14,2026-03-10 03:28:14,2026-03-14 03:28:14,North,WH_A,USPS,Clothing,On Time,197.04,205.96,No,3
ORD00646,2025-11-16 04:13:01,2025-11-19 04:13:01,2025-11-29 04:13:01,North,WH_A,USPS,Electronics,Late,1722.07,1754.26,No,3
ORD00647,2026-01-21 17:07:26,2026-01-22 17:07:26,2026-01-24 17:07:26,Central,WH_D,UPS,Food,On Time,299.34,444.16,No,5
ORD00648,2026-03-15 08:45:42,2026-03-17 08:45:42,2026-03-24 08:45:42,East,WH_D,FedEx,Beauty,Late,1855.69,1853.17,No,3
ORD00649,2025-11-27 12:00:25,2025-11-29 12:00:25,2025-12-08 12:00:25,Central,WH_C,UPS,Furniture,Late,1132.19,942.21,No,1
ORD00650,2025-11-08 17:03:54,2025-11-11 17:03:54,2025-11-17 17:03:54,West,WH_B,UPS,Clothing,Late,1913.89,1286.04,No,2
ORD00651,2025-12-12 09:21:24,2025-12-15 09:21:24,2025-12-25 09:21:24,East,WH_B,USPS,Food,Late,760.1,452.79,No,1
ORD00652,2026-04-11 14:38:57,2026-04-13 14:38:57,2026-04-14 14:38:57,North,WH_A,USPS,Food,On Time,533.4,474.37,No,4
ORD00653,2026-02-25 20:55:48,2026-02-27 20:55:48,2026-03-09 20:55:48,Central,WH_C,UPS,Clothing,Late,1816.19,2295.25,No,1
ORD00654,2026-02-21 02:32:20,2026-02-23 02:32:20,2026-02-26 02:32:20,East,WH_D,FedEx,Beauty,On Time,538.24,512.26,No,4
ORD00655,2026-04-18 12:52:59,2026-04-21 12:52:59,2026-04-26 12:52:59,North,WH_B,USPS,Beauty,On Time,584.63,397.2,No,4
ORD00656,2026-01-25 07:06:20,2026-01-26 07:06:20,2026-01-28 07:06:20,West,WH_C,FedEx,Food,On Time,587.4,852.68,No,3
ORD00657,2026-01-22 15:46:25,2026-01-25 15:46:25,2026-02-02 15:46:25,Central,WH_A,FedEx,Clothing,Late,329.01,185.08,No,3
ORD00658,2026-05-01 20:04:23,2026-05-02 20:04:23,2026-05-03 20:04:23,North,WH_D,DHL,Electronics,On Time,1553.02,912.69,No,4
ORD00659,2026-03-22 16:54:14,2026-03-24 16:54:14,2026-03-29 16:54:14,North,WH_C,USPS,Beauty,On Time,1773.27,1742.4,No,5
ORD00660,2026-03-23 08:17:54,2026-03-26 08:17:54,2026-03-27 08:17:54,North,WH_B,USPS,Electronics,On Time,1988.83,2020.86,No,4
ORD00661,2026-04-29 09:01:28,2026-04-30 09:01:28,2026-05-01 09:01:28,West,WH_B,DHL,Electronics,On Time,1531.01,1001.15,No,4
ORD00662,2026-04-17 01:06:25,2026-04-19 01:06:25,2026-04-26 01:06:25,Central,WH_B,USPS,Beauty,Late,1364.22,855.92,No,1
ORD00663,2025-11-06 06:37:24,2025-11-07 06:37:24,2025-11-08 06:37:24,North,WH_D,DHL,Beauty,On Time,808.84,1154.83,No,4
ORD00664,2026-04-15 11:03:46,2026-04-16 11:03:46,2026-04-24 11:03:46,West,WH_A,DHL,Clothing,Late,851.16,616.68,Yes,1
ORD00665,2026-01-15 01:03:14,2026-01-18 01:03:14,2026-01-22 01:03:14,Central,WH_B,FedEx,Food,On Time,1513.64,1642.8,No,4
ORD00666,2025-11-23 07:35:20,2025-11-25 07:35:20,2025-12-04 07:35:20,Central,WH_A,DHL,Food,Late,1966.2,1406.99,No,1
ORD00667,2025-12-11 14:48:09,2025-12-14 14:48:09,2025-12-19 14:48:09,Central,WH_B,FedEx,Furniture,On Time,1018.07,967.52,No,4
ORD00668,2026-02-15 09:35:24,2026-02-17 09:35:24,2026-02-26 09:35:24,East,WH_B,UPS,Beauty,Late,620.61,862.45,No,3
ORD00669,2026-01-30 00:12:43,2026-02-01 00:12:43,2026-02-03 00:12:43,North,WH_B,FedEx,Electronics,On Time,551.35,818.16,No,3
ORD00670,2026-01-25 18:17:11,2026-01-26 18:17:11,2026-01-31 18:17:11,East,WH_D,DHL,Furniture,On Time,395.55,232.86,No,3
ORD00671,2026-01-06 12:51:47,2026-01-08 12:51:47,2026-01-16 12:51:47,South,WH_B,UPS,Furniture,Late,1652.47,844.34,No,3
ORD00672,2025-11-06 15:48:43,2025-11-08 15:48:43,2025-11-16 15:48:43,East,WH_D,DHL,Electronics,Late,1575.21,1410.78,No,2
ORD00673,2026-01-29 19:07:17,2026-01-30 19:07:17,2026-02-04 19:07:17,North,WH_C,UPS,Beauty,On Time,1727.38,2162.23,No,4
ORD00674,2026-03-01 02:29:32,2026-03-03 02:29:32,2026-03-09 02:29:32,West,WH_B,DHL,Furniture,Late,1169.45,684.41,No,1
ORD00675,2026-04-29 01:45:59,2026-05-01 01:45:59,2026-05-09 01:45:59,Central,WH_D,FedEx,Beauty,Late,796.13,836.03,No,2
ORD00676,2026-04-30 19:09:39,2026-05-03 19:09:39,2026-05-10 19:09:39,North,WH_C,DHL,Beauty,Late,855.53,669.15,No,1
ORD00677,2025-11-16 18:40:38,2025-11-18 18:40:38,2025-11-24 18:40:38,Central,WH_A,UPS,Electronics,Late,652.35,837.04,Yes,3
ORD00678,2026-02-02 17:36:33,2026-02-04 17:36:33,2026-02-07 17:36:33,Central,WH_C,DHL,Electronics,On Time,992.77,1485.35,Yes,5
ORD00679,2025-12-27 17:58:33,2025-12-30 17:58:33,2026-01-03 17:58:33,West,WH_D,DHL,Beauty,On Time,324.98,322.57,No,3
ORD00680,2026-01-10 11:35:48,2026-01-12 11:35:48,2026-01-13 11:35:48,Central,WH_C,UPS,Clothing,On Time,519.12,538.53,No,5
ORD00681,2026-01-19 11:03:15,2026-01-20 11:03:15,2026-01-25 11:03:15,Central,WH_C,USPS,Beauty,On Time,782.74,751.45,No,3
ORD00682,2026-03-03 22:27:12,2026-03-06 22:27:12,2026-03-15 22:27:12,Central,WH_C,UPS,Clothing,Late,1725.67,2252.7,No,2
ORD00683,2026-02-23 22:41:37,2026-02-24 22:41:37,2026-03-01 22:41:37,West,WH_D,USPS,Electronics,On Time,1805.1,1913.45,No,3
ORD00684,2026-04-14 19:13:06,2026-04-17 19:13:06,2026-04-24 19:13:06,South,WH_D,UPS,Electronics,Late,207.87,204.44,No,1
ORD00685,2025-11-13 20:48:57,2025-11-15 20:48:57,2025-11-23 20:48:57,Central,WH_B,DHL,Clothing,Late,1137.69,575.88,No,2
ORD00686,2025-12-12 16:28:19,2025-12-14 16:28:19,2025-12-16 16:28:19,East,WH_C,UPS,Beauty,On Time,563.32,685.04,No,4
ORD00687,2026-02-20 13:20:50,2026-02-21 13:20:50,2026-02-22 13:20:50,East,WH_D,DHL,Electronics,On Time,209.4,175.93,No,4
ORD00688,2025-12-13 06:08:42,2025-12-14 06:08:42,2025-12-16 06:08:42,Central,WH_B,FedEx,Clothing,On Time,1317.07,1600.81,Yes,5
ORD00689,2026-02-20 15:34:17,2026-02-23 15:34:17,2026-03-04 15:34:17,South,WH_D,FedEx,Clothing,Late,1004.89,1126.75,No,2
ORD00690,2026-01-17 07:12:04,2026-01-19 07:12:04,2026-01-22 07:12:04,East,WH_B,UPS,Clothing,On Time,1937.6,2126.77,Yes,5
ORD00691,2025-12-14 22:04:03,2025-12-17 22:04:03,2025-12-22 22:04:03,North,WH_A,DHL,Electronics,On Time,1693.55,2194.18,No,4
ORD00692,2025-11-25 06:43:32,2025-11-28 06:43:32,2025-12-03 06:43:32,West,WH_C,USPS,Furniture,On Time,1683.73,1445.68,No,4
ORD00693,2026-01-07 04:14:25,2026-01-08 04:14:25,2026-01-14 04:14:25,North,WH_B,DHL,Beauty,Late,1987.81,2673.19,No,1
ORD00694,2026-03-03 04:03:38,2026-03-05 04:03:38,2026-03-07 04:03:38,Central,WH_D,FedEx,Beauty,On Time,1948.1,2767.41,No,3
ORD00695,2026-03-09 09:37:06,2026-03-10 09:37:06,2026-03-15 09:37:06,South,WH_A,USPS,Electronics,On Time,1347.95,1882.42,No,5
ORD00696,2026-02-27 05:33:06,2026-03-01 05:33:06,2026-03-07 05:33:06,North,WH_D,DHL,Clothing,Late,861.88,722.11,No,1
ORD00697,2026-04-09 01:53:15,2026-04-11 01:53:15,2026-04-16 01:53:15,Central,WH_C,FedEx,Electronics,On Time,950.37,685.24,No,4
ORD00698,2026-04-09 11:49:07,2026-04-12 11:49:07,2026-04-19 11:49:07,West,WH_C,DHL,Clothing,Late,1797.13,2658.74,No,2
ORD00699,2026-04-02 14:15:41,2026-04-04 14:15:41,2026-04-08 14:15:41,North,WH_B,FedEx,Clothing,On Time,1857.08,1924.26,Yes,5
ORD00700,2025-12-21 16:20:17,2025-12-23 16:20:17,2025-12-27 16:20:17,West,WH_A,DHL,Beauty,On Time,1585.51,2281.72,No,4
ORD00701,2026-04-11 12:13:28,2026-04-12 12:13:28,2026-04-13 12:13:28,North,WH_C,FedEx,Electronics,On Time,1693.31,1270.83,No,5
ORD00702,2025-12-18 22:25:26,2025-12-19 22:25:26,2025-12-26 22:25:26,Central,WH_A,DHL,Food,Late,1861.91,1434.22,No,2
ORD00703,2026-01-02 01:24:56,2026-01-03 01:24:56,2026-01-10 01:24:56,North,WH_B,UPS,Clothing,Late,503.14,429.84,No,3
ORD00704,2026-02-06 07:05:06,2026-02-08 07:05:06,2026-02-15 07:05:06,East,WH_A,DHL,Electronics,Late,379.15,536.25,No,2
ORD00705,2026-03-30 11:31:07,2026-04-01 11:31:07,2026-04-08 11:31:07,Central,WH_C,UPS,Furniture,Late,1737.94,2540.25,Yes,1
ORD00706,2025-12-19 11:15:41,2025-12-20 11:15:41,2025-12-21 11:15:41,Central,WH_D,FedEx,Food,On Time,830.8,791.76,No,4
ORD00707,2026-02-05 08:02:11,2026-02-07 08:02:11,2026-02-08 08:02:11,South,WH_B,UPS,Furniture,On Time,1202.53,919.26,No,5
ORD00708,2026-01-30 17:33:03,2026-02-02 17:33:03,2026-02-08 17:33:03,West,WH_A,FedEx,Furniture,Late,1729.67,2470.12,No,2
ORD00709,2026-05-06 20:12:36,2026-05-07 20:12:36,2026-05-15 20:12:36,East,WH_A,DHL,Electronics,Late,1227.18,1821.34,No,1
ORD00710,2025-12-04 03:35:26,2025-12-07 03:35:26,2025-12-12 03:35:26,Central,WH_B,DHL,Food,On Time,1798.4,2530.04,No,5
ORD00711,2026-01-02 05:36:03,2026-01-03 05:36:03,2026-01-09 05:36:03,West,WH_C,UPS,Clothing,Late,131.23,186.52,Yes,3
ORD00712,2026-02-07 14:46:25,2026-02-10 14:46:25,2026-02-15 14:46:25,East,WH_B,DHL,Food,On Time,1581.83,2315.25,No,5
ORD00713,2026-03-20 06:24:39,2026-03-23 06:24:39,2026-03-27 06:24:39,West,WH_A,FedEx,Electronics,On Time,1651.26,1611.21,No,3
ORD00714,2025-11-27 16:29:42,2025-11-29 16:29:42,2025-12-04 16:29:42,North,WH_A,UPS,Beauty,On Time,526.66,465.64,No,3
ORD00715,2026-04-27 01:22:21,2026-04-28 01:22:21,2026-05-08 01:22:21,East,WH_B,FedEx,Food,Late,626.75,647.2,No,3
ORD00716,2025-12-05 04:29:33,2025-12-06 04:29:33,2025-12-12 04:29:33,Central,WH_A,UPS,Electronics,Late,84.62,49.39,Yes,1
ORD00717,2026-05-02 18:14:16,2026-05-03 18:14:16,2026-05-06 18:14:16,South,WH_C,USPS,Food,On Time,1844.98,2101.73,No,3
ORD00718,2026-03-11 11:40:55,2026-03-13 11:40:55,2026-03-15 11:40:55,North,WH_B,DHL,Furniture,On Time,640.69,530.05,No,4
ORD00719,2026-04-28 04:25:34,2026-05-01 04:25:34,2026-05-07 04:25:34,West,WH_C,FedEx,Food,Late,342.31,176.14,No,2
ORD00720,2026-02-11 16:20:48,2026-02-14 16:20:48,2026-02-16 16:20:48,South,WH_B,UPS,Beauty,On Time,1899.7,2396.2,No,4
ORD00721,2025-12-20 22:37:28,2025-12-22 22:37:28,2026-01-01 22:37:28,East,WH_B,UPS,Clothing,Late,1778.42,2430.09,No,1
ORD00722,2026-02-13 09:15:13,2026-02-14 09:15:13,2026-02-17 09:15:13,East,WH_C,DHL,Electronics,On Time,1349.01,830.1,No,4
ORD00723,2026-01-17 18:21:14,2026-01-18 18:21:14,2026-01-26 18:21:14,West,WH_C,UPS,Food,Late,269.64,308.16,No,2
ORD00724,2026-01-26 08:44:21,2026-01-28 08:44:21,2026-02-01 08:44:21,Central,WH_C,UPS,Beauty,On Time,648.69,367.94,Yes,3
ORD00725,2026-03-13 22:22:06,2026-03-14 22:22:06,2026-03-24 22:22:06,West,WH_B,FedEx,Beauty,Late,766.89,754.99,No,3
ORD00726,2025-11-23 03:00:41,2025-11-26 03:00:41,2025-12-02 03:00:41,West,WH_A,FedEx,Furniture,Late,1978.98,1188.7,Yes,3
ORD00727,2025-12-30 13:07:12,2025-12-31 13:07:12,2026-01-05 13:07:12,North,WH_C,USPS,Beauty,On Time,392.17,412.2,No,3
ORD00728,2025-12-08 08:19:02,2025-12-09 08:19:02,2025-12-18 08:19:02,North,WH_D,UPS,Electronics,Late,1812.27,1314.94,No,1
ORD00729,2026-05-03 12:01:36,2026-05-04 12:01:36,2026-05-14 12:01:36,West,WH_C,UPS,Clothing,Late,1104.05,917.41,No,1
ORD00730,2026-04-23 05:55:58,2026-04-25 05:55:58,2026-05-04 05:55:58,East,WH_D,DHL,Clothing,Late,1590.84,1336.7,No,2
ORD00731,2025-11-25 11:05:46,2025-11-28 11:05:46,2025-12-07 11:05:46,Central,WH_B,FedEx,Electronics,Late,1896.03,2751.32,No,2
ORD00732,2025-11-08 14:02:17,2025-11-10 14:02:17,2025-11-17 14:02:17,West,WH_B,UPS,Electronics,Late,765.28,492.67,No,1
ORD00733,2025-11-21 19:28:06,2025-11-23 19:28:06,2025-11-25 19:28:06,East,WH_D,USPS,Beauty,On Time,1965.11,2080.4,No,3
ORD00734,2025-11-06 12:26:47,2025-11-08 12:26:47,2025-11-15 12:26:47,South,WH_C,UPS,Food,Late,412.9,249.82,No,3
ORD00735,2025-11-15 08:32:49,2025-11-18 08:32:49,2025-11-19 08:32:49,West,WH_A,FedEx,Furniture,On Time,111.22,111.7,No,3
ORD00736,2026-01-04 13:04:58,2026-01-06 13:04:58,2026-01-16 13:04:58,East,WH_C,FedEx,Food,Late,697.39,374.09,Yes,3
ORD00737,2025-12-15 01:11:06,2025-12-18 01:11:06,2025-12-23 01:11:06,West,WH_C,DHL,Furniture,On Time,981.09,1064.79,No,5
ORD00738,2025-11-12 22:06:29,2025-11-15 22:06:29,2025-11-18 22:06:29,Central,WH_D,UPS,Clothing,On Time,317.5,364.45,No,4
ORD00739,2026-02-19 16:27:51,2026-02-21 16:27:51,2026-03-01 16:27:51,East,WH_D,FedEx,Electronics,Late,261.68,176.03,No,3
ORD00740,2025-12-14 20:01:22,2025-12-15 20:01:22,2025-12-18 20:01:22,East,WH_A,FedEx,Clothing,On Time,743.81,659.06,No,5
ORD00741,2026-04-22 18:39:52,2026-04-24 18:39:52,2026-04-28 18:39:52,South,WH_D,UPS,Clothing,On Time,1808.23,2036.02,Yes,4
ORD00742,2026-03-25 23:17:01,2026-03-26 23:17:01,2026-03-28 23:17:01,South,WH_A,FedEx,Electronics,On Time,158.03,204.44,No,5
ORD00743,2026-04-28 04:16:12,2026-04-30 04:16:12,2026-05-08 04:16:12,South,WH_C,DHL,Electronics,Late,472.34,465.9,No,2
ORD00744,2026-02-20 19:26:41,2026-02-22 19:26:41,2026-02-27 19:26:41,East,WH_D,DHL,Furniture,On Time,1185.17,618.18,No,3
ORD00745,2026-05-03 21:38:58,2026-05-05 21:38:58,2026-05-10 21:38:58,Central,WH_B,USPS,Beauty,On Time,1223.08,1781.89,Yes,4
ORD00746,2025-11-08 23:14:02,2025-11-10 23:14:02,2025-11-15 23:14:02,East,WH_A,DHL,Furniture,On Time,690.55,997.24,No,5
ORD00747,2026-03-08 13:15:21,2026-03-11 13:15:21,2026-03-14 13:15:21,West,WH_A,DHL,Food,On Time,349.62,187.22,No,3
ORD00748,2026-01-23 21:49:52,2026-01-24 21:49:52,2026-01-27 21:49:52,Central,WH_C,DHL,Beauty,On Time,1122.18,1361.69,No,5
ORD00749,2026-01-06 00:15:26,2026-01-08 00:15:26,2026-01-10 00:15:26,Central,WH_B,UPS,Electronics,On Time,193.0,134.74,No,5
ORD00750,2025-12-07 20:54:29,2025-12-09 20:54:29,2025-12-17 20:54:29,West,WH_D,DHL,Food,Late,608.04,368.63,No,1
ORD00751,2025-12-16 11:18:39,2025-12-17 11:18:39,2025-12-26 11:18:39,Central,WH_D,DHL,Beauty,Late,1214.76,991.64,No,1
ORD00752,2026-02-06 10:47:47,2026-02-08 10:47:47,2026-02-10 10:47:47,East,WH_A,DHL,Furniture,On Time,1576.78,1971.53,No,5
ORD00753,2026-05-06 10:22:33,2026-05-08 10:22:33,2026-05-11 10:22:33,West,WH_A,FedEx,Clothing,On Time,1918.66,2744.55,No,4
ORD00754,2026-01-03 19:11:00,2026-01-04 19:11:00,2026-01-12 19:11:00,Central,WH_C,USPS,Clothing,Late,223.44,292.87,No,1
ORD00755,2026-04-20 15:30:55,2026-04-23 15:30:55,2026-04-30 15:30:55,North,WH_C,UPS,Beauty,Late,813.65,1218.59,No,1
ORD00756,2025-12-05 13:14:55,2025-12-07 13:14:55,2025-12-15 13:14:55,East,WH_C,FedEx,Clothing,Late,1149.48,657.99,No,1
ORD00757,2026-02-14 13:58:17,2026-02-16 13:58:17,2026-02-20 13:58:17,South,WH_B,DHL,Electronics,On Time,1403.76,1816.86,No,4
ORD00758,2025-11-30 22:38:30,2025-12-03 22:38:30,2025-12-05 22:38:30,South,WH_B,USPS,Clothing,On Time,804.04,1070.65,No,4
ORD00759,2025-11-06 16:09:05,2025-11-08 16:09:05,2025-11-17 16:09:05,Central,WH_D,UPS,Food,Late,737.71,664.98,No,1
ORD00760,2026-01-28 20:36:54,2026-01-31 20:36:54,2026-02-02 20:36:54,Central,WH_A,DHL,Clothing,On Time,580.0,806.2,No,4
ORD00761,2026-02-14 10:38:05,2026-02-16 10:38:05,2026-02-24 10:38:05,West,WH_C,USPS,Food,Late,1900.83,2157.21,No,2
ORD00762,2026-03-11 22:46:44,2026-03-13 22:46:44,2026-03-14 22:46:44,Central,WH_D,FedEx,Food,On Time,1511.13,2090.05,Yes,3
ORD00763,2026-02-09 16:37:25,2026-02-12 16:37:25,2026-02-16 16:37:25,North,WH_A,USPS,Clothing,On Time,190.05,172.97,No,4
ORD00764,2026-02-09 21:39:57,2026-02-12 21:39:57,2026-02-17 21:39:57,East,WH_C,UPS,Electronics,On Time,348.87,364.16,No,4
ORD00765,2026-04-26 12:58:14,2026-04-28 12:58:14,2026-05-03 12:58:14,West,WH_C,USPS,Clothing,On Time,294.52,258.83,Yes,3
ORD00766,2026-02-26 02:29:36,2026-02-28 02:29:36,2026-03-06 02:29:36,South,WH_A,DHL,Food,Late,335.82,295.67,No,1
ORD00767,2026-04-07 21:49:59,2026-04-10 21:49:59,2026-04-13 21:49:59,South,WH_B,DHL,Clothing,On Time,1185.81,1237.63,No,3
ORD00768,2026-04-17 12:49:28,2026-04-18 12:49:28,2026-04-22 12:49:28,Central,WH_D,UPS,Furniture,On Time,291.71,371.13,Yes,3
ORD00769,2026-02-10 03:56:48,2026-02-11 03:56:48,2026-02-13 03:56:48,East,WH_A,UPS,Furniture,On Time,1976.94,1354.67,No,3
ORD00770,2026-01-09 10:21:01,2026-01-11 10:21:01,2026-01-15 10:21:01,East,WH_D,FedEx,Electronics,On Time,1414.8,1522.6,No,4
ORD00771,2025-11-13 03:20:21,2025-11-14 03:20:21,2025-11-17 03:20:21,South,WH_C,UPS,Clothing,On Time,349.78,389.12,No,3
ORD00772,2026-02-12 23:29:39,2026-02-13 23:29:39,2026-02-19 23:29:39,East,WH_D,DHL,Food,Late,1269.33,1136.36,No,1
ORD00773,2026-01-22 01:13:13,2026-01-25 01:13:13,2026-02-04 01:13:13,South,WH_B,FedEx,Beauty,Late,1321.1,664.89,No,1
ORD00774,2025-12-09 07:33:44,2025-12-12 07:33:44,2025-12-13 07:33:44,North,WH_D,DHL,Beauty,On Time,768.57,967.51,No,3
ORD00775,2026-02-08 03:30:56,2026-02-11 03:30:56,2026-02-17 03:30:56,Central,WH_C,USPS,Furniture,Late,681.28,504.12,No,3
ORD00776,2026-03-26 07:21:11,2026-03-28 07:21:11,2026-04-02 07:21:11,North,WH_A,DHL,Clothing,On Time,367.85,243.97,No,5
ORD00777,2026-04-14 02:31:44,2026-04-16 02:31:44,2026-04-21 02:31:44,South,WH_B,UPS,Beauty,On Time,1550.41,2201.37,No,3
ORD00778,2026-04-26 10:00:24,2026-04-29 10:00:24,2026-05-01 10:00:24,West,WH_B,UPS,Clothing,On Time,992.36,826.21,No,4
ORD00779,2025-12-02 09:08:22,2025-12-03 09:08:22,2025-12-13 09:08:22,North,WH_D,FedEx,Electronics,Late,1972.22,1278.24,No,1
ORD00780,2026-05-02 23:42:31,2026-05-05 23:42:31,2026-05-08 23:42:31,South,WH_B,FedEx,Electronics,On Time,744.55,531.32,No,4
ORD00781,2026-04-08 10:11:08,2026-04-11 10:11:08,2026-04-17 10:11:08,Central,WH_A,DHL,Clothing,Late,859.14,641.67,No,2
ORD00782,2026-04-28 01:52:11,2026-04-30 01:52:11,2026-05-03 01:52:11,West,WH_C,USPS,Clothing,On Time,79.35,109.24,No,5
ORD00783,2025-11-06 19:35:13,2025-11-07 19:35:13,2025-11-09 19:35:13,South,WH_D,DHL,Beauty,On Time,1575.09,2089.25,No,3
ORD00784,2026-04-26 01:11:52,2026-04-29 01:11:52,2026-05-08 01:11:52,North,WH_B,USPS,Electronics,Late,1763.87,2431.91,No,2
ORD00785,2025-12-15 16:35:51,2025-12-18 16:35:51,2025-12-21 16:35:51,West,WH_D,FedEx,Beauty,On Time,656.22,790.57,No,4
ORD00786,2025-12-17 17:53:03,2025-12-20 17:53:03,2025-12-24 17:53:03,East,WH_A,UPS,Beauty,On Time,1709.69,1026.64,No,3
ORD00787,2026-02-22 12:08:15,2026-02-23 12:08:15,2026-02-26 12:08:15,East,WH_B,DHL,Food,On Time,1694.8,1270.73,No,5
ORD00788,2026-03-24 07:18:46,2026-03-26 07:18:46,2026-03-27 07:18:46,North,WH_D,UPS,Beauty,On Time,325.97,224.46,No,4
ORD00789,2025-11-09 09:58:01,2025-11-12 09:58:01,2025-11-17 09:58:01,West,WH_B,FedEx,Beauty,On Time,643.76,889.36,No,5
ORD00790,2026-03-20 12:12:43,2026-03-22 12:12:43,2026-03-30 12:12:43,East,WH_D,USPS,Furniture,Late,244.38,341.33,No,2
ORD00791,2026-04-29 02:12:57,2026-04-30 02:12:57,2026-05-03 02:12:57,West,WH_B,DHL,Furniture,On Time,184.89,234.38,No,3
ORD00792,2025-11-14 05:56:33,2025-11-15 05:56:33,2025-11-21 05:56:33,South,WH_D,UPS,Beauty,Late,442.0,340.32,Yes,2
ORD00793,2026-04-30 00:35:46,2026-05-01 00:35:46,2026-05-03 00:35:46,East,WH_B,DHL,Beauty,On Time,765.8,874.35,No,3
ORD00794,2026-03-11 18:34:42,2026-03-12 18:34:42,2026-03-16 18:34:42,East,WH_D,FedEx,Furniture,On Time,810.24,867.0,No,3
ORD00795,2026-02-03 01:25:49,2026-02-04 01:25:49,2026-02-10 01:25:49,North,WH_D,USPS,Beauty,Late,1748.64,1726.74,Yes,1
ORD00796,2026-05-07 16:32:54,2026-05-10 16:32:54,2026-05-14 16:32:54,East,WH_B,FedEx,Food,On Time,1632.57,1854.88,Yes,4
ORD00797,2025-12-25 08:12:39,2025-12-28 08:12:39,2026-01-06 08:12:39,Central,WH_A,USPS,Food,Late,76.27,85.9,No,3
ORD00798,2025-12-20 12:41:26,2025-12-21 12:41:26,2025-12-22 12:41:26,West,WH_B,DHL,Food,On Time,781.85,840.51,No,3
ORD00799,2026-02-10 12:58:40,2026-02-12 12:58:40,2026-02-19 12:58:40,Central,WH_B,UPS,Food,Late,1646.1,1329.93,Yes,2
ORD00800,2025-11-13 05:39:17,2025-11-16 05:39:17,2025-11-19 05:39:17,North,WH_C,FedEx,Beauty,On Time,919.56,521.93,No,5
ORD00801,2026-01-08 10:14:40,2026-01-11 10:14:40,2026-01-15 10:14:40,West,WH_C,UPS,Beauty,On Time,97.14,78.21,No,3
ORD00802,2026-03-31 07:35:51,2026-04-02 07:35:51,2026-04-07 07:35:51,West,WH_C,FedEx,Beauty,On Time,1385.52,1240.41,No,4
ORD00803,2025-12-22 05:15:16,2025-12-23 05:15:16,2026-01-01 05:15:16,North,WH_C,USPS,Food,Late,136.18,141.48,No,2
ORD00804,2026-05-01 00:19:56,2026-05-03 00:19:56,2026-05-13 00:19:56,North,WH_D,UPS,Clothing,Late,1817.13,1814.75,No,3
ORD00805,2026-02-26 00:56:31,2026-03-01 00:56:31,2026-03-02 00:56:31,South,WH_D,UPS,Furniture,On Time,1889.93,1876.75,No,3
ORD00806,2026-01-18 15:21:42,2026-01-20 15:21:42,2026-01-26 15:21:42,South,WH_C,FedEx,Electronics,Late,135.5,104.2,No,1
ORD00807,2026-04-15 18:38:19,2026-04-18 18:38:19,2026-04-25 18:38:19,West,WH_C,UPS,Beauty,Late,1326.8,1554.74,No,3
ORD00808,2026-01-22 12:25:54,2026-01-25 12:25:54,2026-01-30 12:25:54,South,WH_A,DHL,Electronics,On Time,712.21,792.87,No,5
ORD00809,2026-04-18 19:40:03,2026-04-19 19:40:03,2026-04-25 19:40:03,North,WH_A,DHL,Beauty,Late,213.41,249.84,No,3
ORD00810,2026-03-13 18:49:34,2026-03-14 18:49:34,2026-03-20 18:49:34,Central,WH_B,DHL,Beauty,Late,782.99,1053.5,No,1
ORD00811,2026-01-19 06:20:40,2026-01-21 06:20:40,2026-01-28 06:20:40,North,WH_C,UPS,Electronics,Late,1038.0,1146.99,No,1
ORD00812,2025-12-28 16:06:03,2025-12-31 16:06:03,2026-01-02 16:06:03,East,WH_D,USPS,Food,On Time,1995.02,1552.37,No,3
ORD00813,2026-02-16 21:14:38,2026-02-18 21:14:38,2026-02-28 21:14:38,North,WH_D,FedEx,Beauty,Late,178.5,172.73,Yes,1
ORD00814,2025-12-14 22:05:27,2025-12-16 22:05:27,2025-12-21 22:05:27,West,WH_C,USPS,Electronics,On Time,178.92,196.09,No,5
ORD00815,2026-04-04 18:36:12,2026-04-05 18:36:12,2026-04-07 18:36:12,South,WH_A,FedEx,Furniture,On Time,1844.95,1032.2,Yes,5
ORD00816,2026-01-15 15:53:42,2026-01-16 15:53:42,2026-01-17 15:53:42,Central,WH_A,DHL,Furniture,On Time,869.23,448.28,Yes,5
ORD00817,2026-03-29 08:07:28,2026-03-30 08:07:28,2026-04-08 08:07:28,South,WH_B,DHL,Electronics,Late,1338.9,1299.93,No,3
ORD00818,2025-11-18 03:44:25,2025-11-19 03:44:25,2025-11-26 03:44:25,East,WH_C,FedEx,Clothing,Late,1737.49,1189.18,No,1
ORD00819,2025-12-17 22:17:14,2025-12-18 22:17:14,2025-12-28 22:17:14,South,WH_A,UPS,Electronics,Late,1717.76,1689.83,No,3
ORD00820,2026-02-22 20:14:42,2026-02-23 20:14:42,2026-02-26 20:14:42,North,WH_B,UPS,Electronics,On Time,1174.93,1595.7,No,3
ORD00821,2026-05-07 02:21:16,2026-05-10 02:21:16,2026-05-13 02:21:16,North,WH_A,FedEx,Food,On Time,590.02,322.95,No,5
ORD00822,2026-03-24 12:48:54,2026-03-26 12:48:54,2026-04-02 12:48:54,West,WH_C,USPS,Furniture,Late,991.98,1156.56,No,2
ORD00823,2026-02-10 22:42:48,2026-02-13 22:42:48,2026-02-15 22:42:48,Central,WH_B,FedEx,Clothing,On Time,991.07,1053.71,No,5
ORD00824,2026-04-18 08:23:43,2026-04-21 08:23:43,2026-04-30 08:23:43,West,WH_C,USPS,Electronics,Late,587.5,602.18,Yes,2
ORD00825,2026-05-06 03:53:51,2026-05-07 03:53:51,2026-05-15 03:53:51,North,WH_B,DHL,Beauty,Late,1824.87,2373.21,No,1
ORD00826,2025-11-12 15:23:00,2025-11-14 15:23:00,2025-11-20 15:23:00,East,WH_B,DHL,Food,Late,1077.23,1059.77,No,1
ORD00827,2026-01-18 16:15:49,2026-01-20 16:15:49,2026-01-25 16:15:49,Central,WH_C,FedEx,Beauty,On Time,1964.17,1552.18,No,4
ORD00828,2026-03-11 03:44:32,2026-03-14 03:44:32,2026-03-15 03:44:32,East,WH_B,DHL,Food,On Time,98.18,84.73,No,3
ORD00829,2026-01-25 09:15:26,2026-01-27 09:15:26,2026-01-31 09:15:26,South,WH_A,DHL,Food,On Time,1791.14,1024.91,No,5
ORD00830,2025-12-16 00:49:11,2025-12-17 00:49:11,2025-12-24 00:49:11,East,WH_B,FedEx,Clothing,Late,243.04,234.55,No,2
ORD00831,2026-03-02 04:51:39,2026-03-05 04:51:39,2026-03-12 04:51:39,East,WH_B,FedEx,Electronics,Late,1243.69,1303.94,No,3
ORD00832,2026-03-05 14:37:05,2026-03-07 14:37:05,2026-03-17 14:37:05,North,WH_B,USPS,Food,Late,1132.28,678.91,No,3
ORD00833,2026-02-12 07:46:29,2026-02-13 07:46:29,2026-02-23 07:46:29,South,WH_B,DHL,Electronics,Late,1091.88,1107.61,No,2
ORD00834,2025-12-07 12:20:35,2025-12-08 12:20:35,2025-12-13 12:20:35,East,WH_C,USPS,Furniture,On Time,1348.01,827.31,No,3
ORD00835,2026-03-19 07:33:02,2026-03-21 07:33:02,2026-03-28 07:33:02,North,WH_D,UPS,Food,Late,1697.12,1639.92,Yes,2
ORD00836,2025-12-30 22:21:50,2026-01-01 22:21:50,2026-01-11 22:21:50,East,WH_D,DHL,Furniture,Late,1149.83,852.81,No,3
ORD00837,2025-11-17 02:51:06,2025-11-18 02:51:06,2025-11-24 02:51:06,East,WH_A,USPS,Electronics,Late,1139.68,710.4,No,2
ORD00838,2025-11-08 02:31:27,2025-11-09 02:31:27,2025-11-17 02:31:27,Central,WH_A,UPS,Electronics,Late,1902.56,2439.08,No,3
ORD00839,2025-11-14 17:25:51,2025-11-17 17:25:51,2025-11-21 17:25:51,South,WH_B,FedEx,Electronics,On Time,1475.13,1870.82,No,5
ORD00840,2026-04-19 16:38:30,2026-04-20 16:38:30,2026-04-25 16:38:30,North,WH_A,USPS,Furniture,On Time,670.54,659.89,No,5
ORD00841,2025-11-08 14:46:30,2025-11-10 14:46:30,2025-11-20 14:46:30,Central,WH_D,USPS,Furniture,Late,876.65,597.51,No,3
ORD00842,2026-04-14 18:59:50,2026-04-15 18:59:50,2026-04-21 18:59:50,South,WH_C,FedEx,Beauty,Late,1450.0,989.0,No,3
ORD00843,2026-02-20 07:08:05,2026-02-22 07:08:05,2026-03-04 07:08:05,North,WH_B,UPS,Clothing,Late,31.48,27.95,No,2
ORD00844,2025-11-25 22:43:31,2025-11-28 22:43:31,2025-12-05 22:43:31,West,WH_A,FedEx,Furniture,Late,1119.77,1011.78,Yes,3
ORD00845,2025-11-26 21:17:02,2025-11-28 21:17:02,2025-11-30 21:17:02,North,WH_B,UPS,Clothing,On Time,714.23,937.55,No,5
ORD00846,2026-03-02 21:36:23,2026-03-05 21:36:23,2026-03-07 21:36:23,East,WH_B,FedEx,Food,On Time,305.11,388.71,No,3
ORD00847,2025-11-30 06:15:19,2025-12-02 06:15:19,2025-12-06 06:15:19,Central,WH_B,FedEx,Beauty,On Time,196.1,218.51,No,3
ORD00848,2026-04-14 07:46:39,2026-04-15 07:46:39,2026-04-17 07:46:39,North,WH_A,UPS,Beauty,On Time,579.5,551.17,No,5
ORD00849,2026-05-04 03:24:12,2026-05-07 03:24:12,2026-05-17 03:24:12,Central,WH_C,DHL,Clothing,Late,270.15,236.74,No,1
ORD00850,2026-03-06 12:09:55,2026-03-09 12:09:55,2026-03-12 12:09:55,North,WH_D,FedEx,Electronics,On Time,780.32,904.03,No,4
ORD00851,2025-11-19 21:40:08,2025-11-22 21:40:08,2025-12-01 21:40:08,Central,WH_A,UPS,Electronics,Late,603.93,466.48,No,1
ORD00852,2025-12-11 14:48:51,2025-12-13 14:48:51,2025-12-17 14:48:51,South,WH_B,DHL,Beauty,On Time,577.33,688.76,No,3
ORD00853,2026-03-20 12:24:24,2026-03-23 12:24:24,2026-03-30 12:24:24,East,WH_C,USPS,Food,Late,1525.48,810.59,No,1
ORD00854,2026-01-05 16:50:10,2026-01-07 16:50:10,2026-01-17 16:50:10,Central,WH_D,USPS,Food,Late,671.86,972.39,No,2
ORD00855,2026-01-31 19:09:06,2026-02-02 19:09:06,2026-02-06 19:09:06,West,WH_A,FedEx,Food,On Time,1645.27,1202.84,No,5
ORD00856,2026-02-24 09:56:06,2026-02-26 09:56:06,2026-03-03 09:56:06,South,WH_A,USPS,Food,On Time,1499.32,2064.31,No,3
ORD00857,2026-01-21 23:34:59,2026-01-24 23:34:59,2026-02-03 23:34:59,Central,WH_D,UPS,Electronics,Late,1881.08,2702.7,No,1
ORD00858,2026-03-06 08:28:01,2026-03-07 08:28:01,2026-03-17 08:28:01,Central,WH_C,UPS,Beauty,Late,1319.21,843.01,No,3
ORD00859,2026-02-26 21:48:17,2026-03-01 21:48:17,2026-03-05 21:48:17,South,WH_D,USPS,Food,On Time,783.04,577.92,No,4
ORD00860,2025-12-03 17:24:06,2025-12-05 17:24:06,2025-12-10 17:24:06,East,WH_A,DHL,Beauty,On Time,1906.36,2252.56,No,4
ORD00861,2026-02-28 00:04:28,2026-03-01 00:04:28,2026-03-08 00:04:28,West,WH_A,USPS,Beauty,Late,1681.68,1171.41,No,3
ORD00862,2026-03-22 15:01:20,2026-03-24 15:01:20,2026-03-31 15:01:20,South,WH_A,DHL,Furniture,Late,1273.38,1003.46,No,1
ORD00863,2026-02-28 10:54:13,2026-03-03 10:54:13,2026-03-06 10:54:13,South,WH_B,FedEx,Food,On Time,1249.54,733.75,No,5
ORD00864,2026-02-04 09:36:28,2026-02-05 09:36:28,2026-02-11 09:36:28,Central,WH_D,UPS,Food,Late,1007.56,928.42,No,1
ORD00865,2026-01-26 09:10:45,2026-01-27 09:10:45,2026-02-06 09:10:45,South,WH_C,UPS,Electronics,Late,1637.93,2150.97,No,3
ORD00866,2026-04-04 01:01:40,2026-04-05 01:01:40,2026-04-09 01:01:40,West,WH_B,UPS,Clothing,On Time,1457.56,883.94,No,5
ORD00867,2026-03-20 16:30:34,2026-03-23 16:30:34,2026-03-26 16:30:34,East,WH_B,DHL,Beauty,On Time,1759.75,2441.44,No,3
ORD00868,2025-11-29 06:31:35,2025-12-01 06:31:35,2025-12-07 06:31:35,East,WH_B,UPS,Electronics,Late,1871.63,2613.33,Yes,2
ORD00869,2026-02-26 11:19:30,2026-02-27 11:19:30,2026-03-06 11:19:30,North,WH_B,USPS,Beauty,Late,645.14,603.02,No,2
ORD00870,2026-02-08 08:48:05,2026-02-09 08:48:05,2026-02-19 08:48:05,South,WH_B,UPS,Clothing,Late,1887.72,2411.75,No,2
ORD00871,2026-02-02 03:33:09,2026-02-04 03:33:09,2026-02-07 03:33:09,West,WH_A,USPS,Electronics,On Time,1341.08,1349.24,No,4
ORD00872,2025-12-12 02:45:48,2025-12-14 02:45:48,2025-12-15 02:45:48,West,WH_A,DHL,Furniture,On Time,951.15,796.6,No,3
ORD00873,2026-01-29 18:09:26,2026-01-31 18:09:26,2026-02-04 18:09:26,South,WH_A,USPS,Food,On Time,311.74,349.93,No,5
ORD00874,2026-04-20 17:47:05,2026-04-22 17:47:05,2026-04-24 17:47:05,Central,WH_A,DHL,Beauty,On Time,1272.48,894.67,No,3
ORD00875,2026-01-14 19:30:48,2026-01-15 19:30:48,2026-01-20 19:30:48,West,WH_B,DHL,Electronics,On Time,1230.01,781.3,No,5
ORD00876,2026-04-10 00:54:05,2026-04-12 00:54:05,2026-04-16 00:54:05,Central,WH_D,FedEx,Food,On Time,1885.87,2020.78,No,5
ORD00877,2026-03-15 16:36:22,2026-03-18 16:36:22,2026-03-22 16:36:22,West,WH_B,FedEx,Furniture,On Time,594.53,615.49,No,4
ORD00878,2025-12-12 11:38:18,2025-12-15 11:38:18,2025-12-21 11:38:18,South,WH_B,FedEx,Food,Late,60.16,75.3,No,3
ORD00879,2025-12-30 13:13:29,2026-01-01 13:13:29,2026-01-11 13:13:29,North,WH_A,UPS,Clothing,Late,1616.65,1134.94,No,2
ORD00880,2026-04-27 21:40:13,2026-04-29 21:40:13,2026-05-02 21:40:13,North,WH_D,USPS,Furniture,On Time,192.47,101.75,No,5
ORD00881,2026-02-11 10:34:42,2026-02-13 10:34:42,2026-02-23 10:34:42,South,WH_B,USPS,Beauty,Late,1428.9,910.72,No,1
ORD00882,2025-12-18 20:13:28,2025-12-19 20:13:28,2025-12-29 20:13:28,West,WH_C,DHL,Food,Late,308.91,386.09,No,2
ORD00883,2026-03-19 11:43:47,2026-03-22 11:43:47,2026-03-26 11:43:47,South,WH_A,UPS,Electronics,On Time,900.41,536.02,No,4
ORD00884,2026-02-08 02:47:06,2026-02-09 02:47:06,2026-02-16 02:47:06,North,WH_B,DHL,Electronics,Late,1186.82,1246.06,No,1
ORD00885,2026-04-19 04:07:39,2026-04-20 04:07:39,2026-04-21 04:07:39,North,WH_C,FedEx,Beauty,On Time,704.03,874.99,No,4
ORD00886,2026-05-03 14:59:07,2026-05-06 14:59:07,2026-05-12 14:59:07,South,WH_B,UPS,Electronics,Late,1049.21,694.94,No,3
ORD00887,2026-05-02 17:54:06,2026-05-05 17:54:06,2026-05-10 17:54:06,East,WH_A,DHL,Clothing,On Time,707.16,558.01,Yes,5
ORD00888,2026-01-28 05:36:06,2026-01-29 05:36:06,2026-02-05 05:36:06,East,WH_C,USPS,Clothing,Late,1564.42,1875.59,No,2
ORD00889,2026-04-18 21:18:05,2026-04-21 21:18:05,2026-04-28 21:18:05,West,WH_D,FedEx,Food,Late,292.03,167.76,No,1
ORD00890,2025-11-29 00:21:55,2025-12-02 00:21:55,2025-12-12 00:21:55,Central,WH_B,DHL,Clothing,Late,602.54,632.45,No,3
ORD00891,2026-01-31 19:15:13,2026-02-01 19:15:13,2026-02-04 19:15:13,Central,WH_B,FedEx,Clothing,On Time,572.19,511.38,Yes,4
ORD00892,2026-04-22 07:00:57,2026-04-23 07:00:57,2026-04-29 07:00:57,North,WH_A,USPS,Furniture,Late,482.85,306.66,Yes,2
ORD00893,2026-01-03 08:26:13,2026-01-04 08:26:13,2026-01-14 08:26:13,West,WH_A,FedEx,Furniture,Late,374.26,533.26,No,1
ORD00894,2026-03-28 02:38:42,2026-03-30 02:38:42,2026-04-05 02:38:42,West,WH_D,FedEx,Food,Late,1718.11,2305.5,No,3
ORD00895,2025-11-27 19:42:35,2025-11-30 19:42:35,2025-12-05 19:42:35,North,WH_B,DHL,Furniture,On Time,1357.02,1633.67,No,3
ORD00896,2026-03-16 08:13:35,2026-03-17 08:13:35,2026-03-27 08:13:35,West,WH_A,UPS,Beauty,Late,1036.38,1296.65,No,3
ORD00897,2026-04-20 20:13:02,2026-04-22 20:13:02,2026-05-02 20:13:02,North,WH_C,DHL,Furniture,Late,1262.67,1659.15,No,1
ORD00898,2026-01-04 15:30:41,2026-01-07 15:30:41,2026-01-09 15:30:41,North,WH_D,FedEx,Clothing,On Time,145.32,74.83,No,5
ORD00899,2025-12-24 08:22:51,2025-12-27 08:22:51,2025-12-30 08:22:51,North,WH_C,UPS,Beauty,On Time,690.29,838.09,No,5
ORD00900,2025-11-11 19:50:30,2025-11-12 19:50:30,2025-11-15 19:50:30,South,WH_C,UPS,Food,On Time,468.75,294.9,No,4
ORD00901,2025-11-08 04:11:49,2025-11-10 04:11:49,2025-11-19 04:11:49,West,WH_B,UPS,Electronics,Late,1421.44,1390.58,No,2
ORD00902,2025-12-15 05:51:28,2025-12-18 05:51:28,2025-12-25 05:51:28,East,WH_C,DHL,Furniture,Late,649.25,409.99,No,2
ORD00903,2026-01-01 06:47:45,2026-01-03 06:47:45,2026-01-13 06:47:45,South,WH_C,USPS,Furniture,Late,809.71,572.95,No,3
ORD00904,2025-12-21 21:47:58,2025-12-23 21:47:58,2025-12-30 21:47:58,Central,WH_D,DHL,Beauty,Late,1927.37,2041.0,No,1
ORD00905,2026-01-30 15:07:32,2026-01-31 15:07:32,2026-02-08 15:07:32,Central,WH_D,DHL,Beauty,Late,1482.76,1469.92,No,3
ORD00906,2025-11-09 06:00:15,2025-11-11 06:00:15,2025-11-13 06:00:15,North,WH_D,FedEx,Furniture,On Time,1738.04,1490.64,Yes,4
ORD00907,2025-11-11 18:31:45,2025-11-12 18:31:45,2025-11-19 18:31:45,West,WH_D,DHL,Food,Late,911.13,938.31,Yes,3
ORD00908,2026-02-15 07:00:10,2026-02-18 07:00:10,2026-02-22 07:00:10,South,WH_B,FedEx,Furniture,On Time,1649.46,2089.94,No,5
ORD00909,2026-01-12 07:19:34,2026-01-13 07:19:34,2026-01-23 07:19:34,North,WH_D,UPS,Electronics,Late,80.4,59.7,No,1
ORD00910,2026-02-17 00:33:25,2026-02-19 00:33:25,2026-02-28 00:33:25,Central,WH_D,DHL,Clothing,Late,399.6,485.66,No,2
ORD00911,2026-02-15 04:37:37,2026-02-16 04:37:37,2026-02-22 04:37:37,West,WH_C,USPS,Beauty,Late,1789.67,1175.28,No,1
ORD00912,2026-01-09 21:18:34,2026-01-10 21:18:34,2026-01-18 21:18:34,West,WH_D,FedEx,Furniture,Late,1169.6,1301.73,Yes,1
ORD00913,2026-04-03 01:51:32,2026-04-04 01:51:32,2026-04-05 01:51:32,Central,WH_C,UPS,Electronics,On Time,759.35,818.21,No,3
ORD00914,2026-04-27 09:19:12,2026-04-28 09:19:12,2026-05-07 09:19:12,Central,WH_B,UPS,Food,Late,656.81,745.31,No,1
ORD00915,2026-01-13 21:50:26,2026-01-14 21:50:26,2026-01-21 21:50:26,East,WH_A,UPS,Furniture,Late,493.69,264.66,No,3
ORD00916,2026-04-12 13:40:17,2026-04-15 13:40:17,2026-04-21 13:40:17,North,WH_D,USPS,Furniture,Late,1453.98,1167.61,No,1
ORD00917,2026-04-30 17:07:32,2026-05-02 17:07:32,2026-05-08 17:07:32,North,WH_A,UPS,Food,Late,260.86,287.18,No,1
ORD00918,2026-04-29 18:19:13,2026-05-02 18:19:13,2026-05-04 18:19:13,West,WH_A,DHL,Electronics,On Time,247.35,297.37,No,4
ORD00919,2026-01-22 18:42:22,2026-01-23 18:42:22,2026-01-27 18:42:22,Central,WH_A,USPS,Beauty,On Time,1062.61,660.31,No,5
ORD00920,2026-02-22 01:58:57,2026-02-23 01:58:57,2026-03-01 01:58:57,West,WH_C,DHL,Furniture,Late,1595.43,1686.23,No,3
ORD00921,2025-11-23 18:15:40,2025-11-26 18:15:40,2025-11-27 18:15:40,Central,WH_B,DHL,Food,On Time,691.25,841.78,No,5
ORD00922,2026-01-10 15:32:23,2026-01-11 15:32:23,2026-01-18 15:32:23,North,WH_C,FedEx,Electronics,Late,10.65,7.07,No,3
ORD00923,2026-01-09 00:56:16,2026-01-10 00:56:16,2026-01-16 00:56:16,North,WH_A,DHL,Food,Late,1170.37,1463.28,No,2
ORD00924,2026-03-09 20:49:23,2026-03-10 20:49:23,2026-03-11 20:49:23,South,WH_D,FedEx,Furniture,On Time,275.18,291.82,No,3
ORD00925,2026-02-22 07:10:01,2026-02-24 07:10:01,2026-03-06 07:10:01,Central,WH_B,USPS,Beauty,Late,1190.01,818.11,No,2
ORD00926,2025-11-10 12:36:07,2025-11-11 12:36:07,2025-11-17 12:36:07,East,WH_D,DHL,Furniture,Late,181.22,130.77,No,3
ORD00927,2025-12-08 02:53:52,2025-12-11 02:53:52,2025-12-12 02:53:52,West,WH_D,FedEx,Furniture,On Time,59.13,67.02,No,4
ORD00928,2026-01-30 10:47:56,2026-01-31 10:47:56,2026-02-04 10:47:56,South,WH_A,FedEx,Furniture,On Time,1742.15,2123.58,No,5
ORD00929,2026-04-19 03:33:04,2026-04-20 03:33:04,2026-04-30 03:33:04,South,WH_D,UPS,Furniture,Late,1867.08,2350.42,No,2
ORD00930,2026-05-05 21:18:02,2026-05-07 21:18:02,2026-05-13 21:18:02,Central,WH_C,DHL,Electronics,Late,1544.46,1121.32,No,2
ORD00931,2026-04-10 06:26:08,2026-04-11 06:26:08,2026-04-21 06:26:08,Central,WH_B,USPS,Clothing,Late,1506.53,2144.2,No,3
ORD00932,2026-03-23 03:24:10,2026-03-26 03:24:10,2026-04-03 03:24:10,East,WH_A,DHL,Furniture,Late,1406.41,1715.68,No,2
ORD00933,2025-11-17 12:38:09,2025-11-20 12:38:09,2025-11-26 12:38:09,Central,WH_A,DHL,Clothing,Late,1810.89,937.5,No,2
ORD00934,2026-03-11 09:54:03,2026-03-14 09:54:03,2026-03-17 09:54:03,Central,WH_B,UPS,Beauty,On Time,1682.54,1060.61,No,5
ORD00935,2026-01-18 08:15:20,2026-01-19 08:15:20,2026-01-21 08:15:20,Central,WH_B,USPS,Food,On Time,491.44,726.47,No,5
ORD00936,2026-01-23 03:38:32,2026-01-25 03:38:32,2026-02-04 03:38:32,West,WH_D,FedEx,Clothing,Late,21.34,29.42,No,1
ORD00937,2026-03-27 01:39:35,2026-03-30 01:39:35,2026-04-07 01:39:35,East,WH_C,FedEx,Beauty,Late,1669.07,1520.27,No,1
ORD00938,2026-03-19 16:56:43,2026-03-21 16:56:43,2026-03-23 16:56:43,Central,WH_D,DHL,Furniture,On Time,289.89,399.65,No,3
ORD00939,2026-01-24 11:46:18,2026-01-25 11:46:18,2026-02-04 11:46:18,West,WH_A,USPS,Clothing,Late,625.62,325.74,No,3
ORD00940,2026-04-22 14:05:46,2026-04-23 14:05:46,2026-05-03 14:05:46,East,WH_B,UPS,Beauty,Late,546.94,625.82,No,3
ORD00941,2026-01-31 10:36:12,2026-02-02 10:36:12,2026-02-10 10:36:12,Central,WH_B,UPS,Furniture,Late,205.14,159.16,No,1
ORD00942,2026-03-19 13:34:45,2026-03-20 13:34:45,2026-03-26 13:34:45,West,WH_D,USPS,Clothing,Late,1977.63,2609.43,No,3
ORD00943,2026-01-25 20:35:33,2026-01-26 20:35:33,2026-01-28 20:35:33,East,WH_A,USPS,Food,On Time,306.66,439.99,No,3
ORD00944,2025-12-13 01:56:33,2025-12-16 01:56:33,2025-12-23 01:56:33,West,WH_D,DHL,Food,Late,1263.59,1863.25,No,1
ORD00945,2026-04-17 12:13:34,2026-04-19 12:13:34,2026-04-20 12:13:34,North,WH_D,DHL,Food,On Time,173.57,150.68,No,3
ORD00946,2026-04-16 17:56:54,2026-04-19 17:56:54,2026-04-27 17:56:54,Central,WH_B,FedEx,Electronics,Late,1028.69,929.85,No,2
ORD00947,2025-11-08 11:07:14,2025-11-11 11:07:14,2025-11-12 11:07:14,South,WH_B,DHL,Food,On Time,992.04,670.41,No,4
ORD00948,2026-05-06 22:24:25,2026-05-08 22:24:25,2026-05-14 22:24:25,Central,WH_A,DHL,Clothing,Late,1697.54,2530.41,No,3
ORD00949,2026-03-25 02:46:54,2026-03-26 02:46:54,2026-03-28 02:46:54,Central,WH_C,DHL,Clothing,On Time,1203.2,1336.84,Yes,5
ORD00950,2026-02-27 16:39:18,2026-02-28 16:39:18,2026-03-04 16:39:18,Central,WH_D,FedEx,Clothing,On Time,672.13,475.25,No,4
ORD00951,2025-11-14 16:07:14,2025-11-16 16:07:14,2025-11-26 16:07:14,North,WH_B,DHL,Clothing,Late,1176.37,819.98,No,2
ORD00952,2026-04-13 16:23:15,2026-04-14 16:23:15,2026-04-21 16:23:15,East,WH_D,DHL,Food,Late,1310.98,1955.35,No,2
ORD00953,2025-12-30 22:08:37,2026-01-01 22:08:37,2026-01-06 22:08:37,West,WH_B,UPS,Food,On Time,1699.48,1520.3,No,5
ORD00954,2026-03-14 15:23:17,2026-03-17 15:23:17,2026-03-26 15:23:17,South,WH_D,USPS,Electronics,Late,1514.76,1502.81,No,1
ORD00955,2026-02-01 18:06:35,2026-02-02 18:06:35,2026-02-04 18:06:35,North,WH_D,DHL,Beauty,On Time,1433.48,911.27,No,5
ORD00956,2026-04-28 09:47:30,2026-04-30 09:47:30,2026-05-05 09:47:30,East,WH_A,UPS,Electronics,On Time,1606.03,1596.34,No,3
ORD00957,2025-11-17 02:50:13,2025-11-19 02:50:13,2025-11-25 02:50:13,Central,WH_D,FedEx,Clothing,Late,179.58,156.72,No,1
ORD00958,2026-03-31 21:48:17,2026-04-03 21:48:17,2026-04-06 21:48:17,West,WH_D,USPS,Beauty,On Time,285.42,308.72,No,3
ORD00959,2026-04-07 05:06:56,2026-04-10 05:06:56,2026-04-12 05:06:56,South,WH_C,UPS,Electronics,On Time,737.56,769.5,No,4
ORD00960,2025-11-09 15:20:27,2025-11-11 15:20:27,2025-11-15 15:20:27,East,WH_A,USPS,Electronics,On Time,1497.76,1433.43,No,4
ORD00961,2025-11-23 10:01:14,2025-11-24 10:01:14,2025-11-27 10:01:14,East,WH_B,USPS,Clothing,On Time,1571.03,1444.77,No,3
ORD00962,2026-02-17 19:29:54,2026-02-19 19:29:54,2026-02-20 19:29:54,Central,WH_B,USPS,Electronics,On Time,1412.52,1731.69,No,4
ORD00963,2025-12-07 17:58:31,2025-12-09 17:58:31,2025-12-14 17:58:31,West,WH_B,FedEx,Furniture,On Time,87.48,123.51,No,5
ORD00964,2025-11-29 01:26:34,2025-12-02 01:26:34,2025-12-03 01:26:34,Central,WH_A,UPS,Electronics,On Time,1334.31,727.87,No,4
ORD00965,2026-02-12 02:28:55,2026-02-13 02:28:55,2026-02-21 02:28:55,East,WH_C,DHL,Food,Late,938.81,685.04,No,3
ORD00966,2025-12-04 19:09:05,2025-12-06 19:09:05,2025-12-11 19:09:05,North,WH_C,USPS,Clothing,On Time,1298.12,738.95,No,4
ORD00967,2026-05-03 04:36:50,2026-05-04 04:36:50,2026-05-14 04:36:50,North,WH_A,USPS,Electronics,Late,1601.59,1967.9,No,3
ORD00968,2025-12-14 08:40:56,2025-12-16 08:40:56,2025-12-19 08:40:56,East,WH_B,DHL,Beauty,On Time,1107.0,1529.76,No,5
ORD00969,2025-12-18 00:14:24,2025-12-21 00:14:24,2025-12-23 00:14:24,West,WH_C,UPS,Beauty,On Time,1381.03,1085.54,No,4
ORD00970,2026-03-26 11:47:23,2026-03-29 11:47:23,2026-04-02 11:47:23,East,WH_A,DHL,Beauty,On Time,1892.9,2065.66,No,4
ORD00971,2025-11-15 00:05:30,2025-11-18 00:05:30,2025-11-23 00:05:30,West,WH_B,UPS,Electronics,On Time,1266.84,1315.73,Yes,4
ORD00972,2026-02-28 10:49:09,2026-03-01 10:49:09,2026-03-10 10:49:09,South,WH_D,FedEx,Electronics,Late,989.44,1070.96,No,1
ORD00973,2026-01-24 16:43:44,2026-01-25 16:43:44,2026-02-01 16:43:44,South,WH_B,FedEx,Electronics,Late,692.3,552.71,No,2
ORD00974,2026-03-21 01:34:17,2026-03-23 01:34:17,2026-03-27 01:34:17,South,WH_B,FedEx,Electronics,On Time,1576.54,1944.66,No,4
ORD00975,2026-01-20 19:53:51,2026-01-23 19:53:51,2026-02-02 19:53:51,South,WH_A,FedEx,Beauty,Late,393.36,269.32,No,3
ORD00976,2026-02-15 10:05:43,2026-02-16 10:05:43,2026-02-25 10:05:43,Central,WH_D,USPS,Beauty,Late,730.74,752.42,No,1
ORD00977,2026-01-30 22:08:42,2026-02-01 22:08:42,2026-02-08 22:08:42,Central,WH_C,UPS,Beauty,Late,95.67,122.34,No,3
ORD00978,2026-02-26 23:57:39,2026-03-01 23:57:39,2026-03-02 23:57:39,West,WH_D,UPS,Beauty,On Time,784.63,645.95,No,5
ORD00979,2026-01-31 17:04:37,2026-02-01 17:04:37,2026-02-05 17:04:37,East,WH_A,FedEx,Furniture,On Time,813.26,670.63,No,4
ORD00980,2025-11-26 08:29:47,2025-11-27 08:29:47,2025-12-04 08:29:47,South,WH_B,USPS,Food,Late,819.15,501.97,No,1
ORD00981,2025-12-07 08:25:07,2025-12-09 08:25:07,2025-12-15 08:25:07,East,WH_B,UPS,Clothing,Late,1299.06,904.07,No,3
ORD00982,2025-12-23 11:33:23,2025-12-24 11:33:23,2025-12-27 11:33:23,North,WH_B,USPS,Clothing,On Time,274.46,226.36,No,5
ORD00983,2025-12-14 21:20:20,2025-12-16 21:20:20,2025-12-20 21:20:20,South,WH_B,USPS,Clothing,On Time,1552.18,811.1,No,4
ORD00984,2026-03-27 15:26:51,2026-03-30 15:26:51,2026-04-05 15:26:51,North,WH_D,USPS,Electronics,Late,699.96,409.35,No,2
ORD00985,2026-01-16 09:07:10,2026-01-17 09:07:10,2026-01-21 09:07:10,South,WH_D,USPS,Electronics,On Time,1168.78,659.87,No,4
ORD00986,2026-02-26 21:57:26,2026-02-27 21:57:26,2026-03-03 21:57:26,Central,WH_D,UPS,Food,On Time,222.18,151.67,No,4
ORD00987,2026-05-07 03:41:39,2026-05-10 03:41:39,2026-05-20 03:41:39,East,WH_B,DHL,Furniture,Late,729.31,791.31,No,3
ORD00988,2026-02-15 05:54:38,2026-02-17 05:54:38,2026-02-24 05:54:38,Central,WH_D,DHL,Furniture,Late,1218.99,1706.66,No,1
ORD00989,2026-03-02 17:35:59,2026-03-04 17:35:59,2026-03-12 17:35:59,Central,WH_B,UPS,Food,Late,1005.4,790.21,No,1
ORD00990,2026-02-03 03:22:29,2026-02-06 03:22:29,2026-02-14 03:22:29,West,WH_B,FedEx,Clothing,Late,1302.63,1358.18,No,2
ORD00991,2026-02-02 04:45:00,2026-02-03 04:45:00,2026-02-12 04:45:00,South,WH_B,USPS,Beauty,Late,1726.03,2049.99,No,1
ORD00992,2026-03-13 22:14:10,2026-03-14 22:14:10,2026-03-15 22:14:10,East,WH_C,USPS,Beauty,On Time,103.74,77.32,No,5
ORD00993,2026-05-06 03:41:45,2026-05-08 03:41:45,2026-05-16 03:41:45,Central,WH_B,DHL,Food,Late,1123.4,692.19,No,3
ORD00994,2026-05-03 16:50:30,2026-05-05 16:50:30,2026-05-14 16:50:30,South,WH_A,USPS,Food,Late,1636.0,1151.42,No,3
ORD00995,2025-11-09 21:15:38,2025-11-12 21:15:38,2025-11-14 21:15:38,Central,WH_C,FedEx,Furniture,On Time,1740.54,985.96,No,4
ORD00996,2026-05-07 04:38:53,2026-05-08 04:38:53,2026-05-11 04:38:53,Central,WH_D,USPS,Electronics,On Time,283.37,217.9,No,5
ORD00997,2026-02-07 13:39:47,2026-02-08 13:39:47,2026-02-10 13:39:47,South,WH_A,FedEx,Food,On Time,1232.69,952.13,No,4
ORD00998,2026-03-01 19:21:25,2026-03-03 19:21:25,2026-03-09 19:21:25,Central,WH_D,DHL,Furniture,Late,1164.31,1532.03,No,2
ORD00999,2025-12-03 01:06:52,2025-12-06 01:06:52,2025-12-13 01:06:52,East,WH_C,DHL,Clothing,Late,758.48,723.4,Yes,1
ORD01000,2026-04-12 05:30:15,2026-04-14 05:30:15,2026-04-23 05:30:15,South,WH_C,USPS,Furniture,Late,225.35,309.5,No,2
